Date,GDPC1,PCECC96,PRFIx,PNFIx,EXPGSC1,IMPGSC1,GCEC1,M318501Q027NBEA,W006RC1Q027SBEA,GDPCTPI,PCEPI,PCEPILFE,CPIAUCSL,CPILFESL,COMPRNFB,OPHNFB,DTFP_UTIL,PAYEMS,UNRATE,INDPRO,CUMFNS,HOUST,DSPIC96,UMCSENT,FEDFUNDS,TB3MS,DGS2,DGS5,DGS10,MPRIME,AAA,BAA,TWEXMMTH,S&P 500,WTISPLC,
trans,100*log(),100*log(),100*log(),100*log(),100*log(),100*log(),100*log(),no trans,100*log(),100*log(),100*log(),100*log(),100*log(),100*log(),no trans,no trans,no trans,100*log(),no trans,100*log(),no trans,100*log(),100*log(),no trans,no trans,no trans,no trans,no trans,no trans,no trans,no trans,no trans,100*log(),100*log(),100*log(),
3/1/1975,862.1859466,817.4014477,558.0605292,596.9936217,565.3204714,570.7654967,737.0464871,-17.994,521.463,337.1562577,332.4184339,334.289714,396.2082205,396.4615456,69.454,47.771,9.90,1125.095012,8.266666667,370.867146,73.51156667,688.3804058,833.7739518,57.6,6.3,5.8,,7.28,7.54,8.98,8.81,10.6467,476.7391071,436.7081764,241.2335957,
6/1/1975,862.8984982,819.0329168,560.7518974,594.5614569,562.3616704,562.4252136,736.1977535,-12.025,501.434,338.5948371,333.636252,335.7999883,397.4058396,398.0304513,70.093,48.536,4.21,1124.550343,8.866666667,369.5466048,71.92563333,697.634807,838.2960601,72.8,5.4,5.4,,7.74,8.05,7.32,8.5567,10.63,477.4845448,448.9459626,241.2335957,
9/1/1975,864.5955731,820.4441622,567.0829439,595.6214759,560.6603216,570.4109088,738.0485812,-18.529,526.070,340.3461483,335.4920723,337.2912212,399.3910165,399.3295726,69.926,49.129,-1.61,1125.221417,8.466666667,371.961394,73.84606667,713.089883,836.8298674,75.7,6.2,6.3,,8.20,8.29,7.56,8.5333,10.5833,481.7074817,447.3046944,241.2335957,
12/1/1975,865.9334909,821.5137647,571.2656649,596.8076415,566.1601919,575.6112398,738.9208115,-26.563,529.182,342.0019136,337.1551131,338.9057322,401.2169954,401.0358906,69.778,49.173,-4.38,1126.121953,8.3,374.1225985,75.32416667,720.1667901,837.6121058,75.6,5.4,5.6,,7.85,8.06,7.58,8.4633,10.58,482.8049702,448.9908594,241.2335957,
3/1/1976,868.1571391,823.4933989,580.3494467,598.9271394,565.4676261,581.6876013,739.0780014,-22.702,532.000,343.0917983,338.2501475,340.4148578,402.356438,402.8916757,70.311,49.902,0.43,1127.452867,7.733333333,377.1454338,77.3502,727.3786318,838.8093867,84.6,4.8,4.9,,7.47,7.75,6.83,8.1833,10.2567,482.8521716,460.0358629,246.4987349,
6/1/1976,868.8875013,824.4092558,582.8064347,600.2463833,566.4705485,585.9275111,737.9590979,2.189,534.594,344.0834675,339.0832743,341.6053153,403.2469159,404.2466301,71.001,50.370,3.34,1128.132963,7.566666667,378.4376738,78.0969,727.9088924,839.3766762,83.3,5.2,5.2,,7.48,7.77,6.90,8.0333,9.8967,483.974416,462.1371237,249.8973907,
9/1/1976,869.4351441,825.4566332,581.2376457,602.4094115,569.3348227,589.9261535,737.666018,-12.701,537.262,345.3505161,340.5908489,343.1608032,404.8300624,405.8717385,71.353,50.492,-0.32,1128.620469,7.733333333,379.7639684,78.68676667,735.0516172,840.1535396,89.7,5.3,5.2,6.63,7.31,7.73,7.09,8.0133,9.62,483.3985622,464.7590582,254.52698,
12/1/1976,870.1579282,826.7457687,592.664732,604.3232416,570.3442417,593.1823348,737.6047445,-22.785,539.364,347.035024,342.1588071,344.7126314,406.2739223,407.2439727,71.828,50.639,3.96,1129.227464,7.766666667,381.5558359,79.3082,743.3272451,840.7861839,87.0,4.9,4.7,5.71,6.45,7.18,6.54,7.9467,9.2133,484.089032,463.0837933,263.188884,
3/1/1977,871.3319029,827.9175568,595.5914828,607.9017902,568.7219394,597.807531,738.4512303,-18.693,543.343,348.6396005,343.9477482,346.380696,408.0921542,408.8773517,71.869,50.963,2.67,1130.248834,7.5,383.5759481,80.6792,751.9873154,841.0097838,87.1,4.7,4.6,6.02,6.78,7.36,6.25,8.1033,9.1067,484.4100469,462.3010104,263.188884,
6/1/1977,873.2578727,828.4583477,605.9973068,610.6284531,571.381201,598.7253192,739.3619954,8.618,548.026,350.2067832,345.6432342,347.8991409,409.8225909,410.4844797,72.071,51.165,-2.66,1131.570954,7.133333333,386.662249,82.8604,755.9385779,841.9448049,90.2,5.2,4.8,6.12,6.83,7.37,6.47,8.45,8.9967,484.013163,459.5456157,263.188884,
9/1/1977,875.0461316,829.3994389,605.6955895,612.6036086,572.154053,597.3219107,739.762771,-12.175,549.890,351.5745561,347.1365858,349.5486839,411.1966164,411.9037175,72.471,51.702,7.12,1132.83654,6.9,387.7390842,83.1817,760.5392365,843.3238955,89.0,5.8,5.5,6.54,6.98,7.36,6.90,8.67,8.83,483.4057212,458.5579536,267.6444862,
12/1/1977,875.0477155,830.8918055,604.4992992,615.6013053,568.895306,598.7310933,739.5240216,-28.784,553.457,353.231336,348.5487467,350.9912265,412.6596606,413.2496328,72.654,51.043,-5.04,1134.009077,6.666666667,388.3644793,83.23873333,763.7877062,845.2178112,84.4,6.5,6.1,7.14,7.38,7.60,7.67,8.7533,8.9433,481.1842834,454.27276,269.7999865,
3/1/1978,875.3655651,831.4520182,605.4293796,616.4740104,571.228952,605.2253861,739.5495064,-25.833,553.190,354.8553603,350.1756389,352.5389465,414.3663687,414.9989486,73.450,51.065,3.64,1135.041438,6.333333333,388.0710513,82.63696667,751.1706881,846.0015954,82.3,6.8,6.4,7.54,7.82,8.01,7.98,9.0267,9.1967,478.0769197,449.2561242,269.7999865,
6/1/1978,879.1577236,833.5673713,610.1169487,623.9353197,581.1458308,605.5422431,742.0265683,13.963,561.841,356.8320695,352.2076853,354.2494377,416.6148294,417.0276267,73.119,52.073,-0.18,1136.836587,6,392.0336354,84.7155,765.6337166,847.0548724,81.5,7.3,6.5,8.00,8.18,8.33,8.30,9.2933,9.47,477.0142104,456.3584358,269.7999865,
9/1/1978,880.1589873,833.9863952,611.2911972,627.2724165,582.2371112,606.8409384,742.9461494,-8.108,566.472,358.582184,353.9499322,355.9501329,418.9149564,419.1672906,73.195,52.107,0.22,1137.866238,6.033333333,392.8726063,84.79696667,761.0522703,847.8279098,80.4,8.1,7.3,8.47,8.43,8.49,9.14,9.39,9.5,472.0407762,462.1666373,269.7999865,
12/1/1978,881.493945,834.7900785,611.1468226,630.4517356,586.1293217,608.2045379,743.8422941,-23.768,571.280,360.5389144,355.8210627,357.7305229,421.2127598,421.3607983,73.574,52.446,-0.77,1138.894074,5.9,394.6206051,85.73366667,762.0541675,848.4835275,73.5,9.6,8.6,9.32,8.84,8.82,10.81,9.29,9.7867,470.7789949,457.6153237,269.7999865,
3/1/1979,881.6734662,835.3066617,608.7474482,632.7270312,586.207599,607.9324314,742.848648,-20.410,572.068,362.3887497,357.6876556,359.0871472,423.7000863,423.6519051,73.773,51.972,-1.08,1139.767173,5.866666667,395.0698698,85.33706667,741.7980723,849.6861224,71.5,10.1,9.4,9.79,9.18,9.11,11.75,10.5433,10.1567,472.0960126,459.8615753,274.1914715,
6/1/1979,881.7801361,835.2417364,607.0049732,632.6306348,586.4678922,608.4708958,743.8182922,21.379,574.775,364.7744911,360.3820715,361.2610174,426.8297869,425.9859001,73.483,51.876,5.09,1140.502098,5.7,394.8519498,84.34883333,752.0595828,848.7819305,66.6,10.2,9.4,9.59,9.11,9.12,11.72,12.1433,10.3933,473.6119498,461.6868493,287.2622576,
9/1/1979,882.5207163,836.2101202,605.7950546,635.5424789,590.0034331,606.9318708,744.1099838,-4.482,577.217,366.8421612,362.8341808,363.0906002,430.0002799,428.5423953,73.167,51.805,-5.46,1141.0686,5.866666667,394.5482926,83.5143,748.9970899,849.2347067,63.9,10.9,9.7,9.53,9.11,9.10,12.12,11.2033,10.3933,471.8489943,466.5637619,324.1941098,
12/1/1979,882.7702724,836.4586153,601.7075275,635.8149498,596.1054307,609.0893506,744.7663864,-24.484,579.185,368.6501629,365.2250047,365.1558269,433.1171841,431.5263419,73.195,51.753,-0.63,1141.39372,5.966666667,394.9354756,82.94143333,735.7343593,849.4061027,62.1,13.6,11.8,11.56,10.65,10.44,15.08,11.5767,11.8167,473.8809073,465.7129608,342.8596356,
3/1/1980,883.0835366,836.3155839,593.6736941,636.8982068,598.8580392,609.1574553,746.2234469,-26.894,581.225,370.8118197,368.1838055,367.5718224,436.9869704,435.1567427,72.942,52.004,8.36,1141.743093,6.3,395.3498866,82.55103333,712.7693699,849.7507357,63.5,15.0,13.4,13.23,12.23,11.96,16.40,12.83,13.48,473.9132736,470.3203926,357.8878559,
6/1/1980,881.0012048,834.037749,573.1546463,632.1650639,600.7256692,601.6186428,746.4198038,8.073,579.653,373.1579684,370.6006938,369.7839195,440.3054002,438.4523515,73.133,51.471,-2.50,1141.262619,7.333333333,391.0412376,77.8801,696.4135612,848.869769,54.4,12.7,9.6,10.23,10.33,10.48,16.32,13.1633,13.3567,473.4090966,468.6135237,367.6300672,
9/1/1980,880.8832424,835.128712,576.1878097,632.8191751,600.512334,594.1504574,745.0494019,-15.656,584.800,375.3636701,372.9125283,371.9861192,442.1647909,439.9375273,73.229,51.680,-1.97,1140.812775,7.666666667,389.340204,75.72893333,723.8496841,849.9850336,67.8,9.8,9.2,10.36,10.64,10.94,11.61,13.9833,13.1667,470.5694024,481.4350301,363.3190548,
12/1/1980,882.7306786,836.4707525,585.1287981,634.8871298,599.9048218,599.3739458,745.0273737,-33.555,590.784,377.9793622,375.3574213,374.393566,444.9295799,443.0022833,73.442,52.201,-3.88,1141.56066,7.4,393.1355588,78.5143,731.6548177,851.3533168,72.1,15.9,13.6,13.20,12.63,12.41,16.73,14.92,14.67,472.4782658,489.1350882,359.2735594,
3/1/1981,884.6712743,836.805191,582.694332,636.8984467,601.7680389,603.5534063,746.3559813,-32.053,596.395,380.5951126,377.9184706,376.5871359,447.6578952,445.3183829,73.249,53.009,4.78,1141.98887,7.433333333,393.3942997,78.0007,721.9886032,851.2140448,68.3,16.6,14.4,13.57,13.19,12.95,19.21,14.6167,15.2467,475.5459133,487.9260051,363.758616,
6/1/1981,883.9276691,836.8124576,579.4744731,638.9143421,602.307222,603.7008973,746.548071,16.243,597.399,382.4567894,379.5818723,378.4598641,449.7213711,447.5061501,73.144,52.325,-4.02,1142.252289,7.4,393.6782608,77.90046667,707.468115,851.3305645,73.9,17.8,14.9,14.69,14.18,13.74,18.93,15.01,15.77,481.7155717,488.8844237,361.9886583,
9/1/1981,885.1176619,837.2739741,571.38625,641.2084078,600.1538633,602.549634,746.203112,-8.569,600.323,384.3808402,381.2151103,380.2847816,452.4682935,450.8292111,73.300,52.830,8.60,1142.461506,7.4,394.647274,77.2097,687.1091295,853.4633554,74.8,17.6,15.1,16.02,15.42,14.84,20.32,14.51,16.4767,486.700354,483.3633164,358.3518938,
12/1/1981,884.0218276,836.5875993,560.3256181,643.5097571,600.6119142,605.3725477,747.4661002,-48.215,596.667,386.0203257,382.736522,382.0470424,454.0809427,452.756894,73.245,52.280,-1.81,1142.024715,8.233333333,392.4145892,74.67173333,677.2317308,853.5746673,65.7,13.6,11.8,13.95,14.16,14.12,17.01,13.7533,16.6833,483.4041303,480.5386506,356.4826805,
3/1/1982,882.4560237,837.3214963,554.3264679,641.4005857,596.1749908,602.4751827,747.3546247,-23.696,592.293,387.4424975,383.9982638,383.5012363,454.9657476,453.9742381,74.287,52.041,2.07,1141.333346,8.833333333,390.3683663,72.4271,677.9921907,853.8152013,66.5,14.2,12.8,14.50,14.36,14.27,16.27,11.8767,17.0333,486.8564689,473.7951297,344.3511596,
6/1/1982,882.9123875,837.6256389,550.9987347,638.2334665,596.7696819,600.8242998,747.7339502,-2.499,593.409,388.7627849,384.9565872,384.8451128,456.4000909,455.8078578,74.081,52.046,-2.95,1140.80167,9.433333333,389.098866,71.63176667,685.4354502,854.4179107,66.2,14.5,12.4,14.16,14.07,13.94,16.50,11.8433,16.78,490.5082167,473.7367064,355.0096199,
9/1/1982,882.5280651,838.2937651,550.868242,635.3147729,592.2336845,605.3582171,748.5324927,-36.244,590.410,390.1406853,386.5238828,386.4351216,458.1218965,457.4710979,73.964,52.143,-2.65,1140.037994,9.9,387.6487706,70.64186667,701.9892779,854.8956681,66.7,11.0,9.3,12.63,13.10,13.11,14.72,11.57,16.25,494.6146549,473.4735098,354.327548,
12/1/1982,882.5692083,840.0302907,558.467306,633.5760385,587.5430606,601.3541547,750.0624008,-68.265,591.168,391.148286,387.6216192,387.8176625,458.4286975,457.8141514,74.245,52.584,0.77,1139.438214,10.66666667,385.7677338,68.92636667,715.6696523,855.2084031,72.5,9.3,7.9,9.88,10.46,10.66,11.96,12.3433,14.39,495.7417342,491.8032313,352.1938999,
3/1/1983,883.8783816,841.0141246,574.3236814,632.0691133,589.1431482,603.6201269,751.01886,-60.961,590.270,391.9435465,388.4439385,389.1235093,458.4967479,458.4286975,74.562,53.260,-1.54,1139.638041,10.36666667,386.8910891,70.2942,739.6539772,856.1484361,75.3,8.7,8.1,9.54,10.12,10.56,10.88,12.41,13.8333,493.1021939,499.4957707,338.9574542,
6/1/1983,886.1279227,843.0299553,585.3375929,633.4495585,589.4419363,611.0280383,751.8394382,-29.197,596.110,392.6832797,389.3546698,389.8856709,459.6465745,459.4109239,74.375,54.411,-1.32,1140.396217,10.13333333,389.0945085,72.2148,741.4773664,856.8399482,91.5,8.8,8.4,9.76,10.24,10.55,10.50,12.2833,13.25,494.9844408,509.2112664,341.8928147,
9/1/1983,888.1072124,844.8072455,594.6601063,637.573513,590.93403,618.5294626,753.5508106,-36.950,593.311,393.7398312,390.660167,391.3921203,460.6169686,460.6502631,74.061,54.654,-4.74,1141.425732,9.366666667,392.4577204,74.6901,749.6467441,858.3274272,91.2,9.5,9.1,10.86,11.43,11.64,10.80,13.2133,13.5267,497.8380661,510.9172383,345.1890496,
12/1/1983,890.1720628,846.3882495,598.8117954,643.4441056,592.9264623,623.3184484,751.9376194,-63.337,595.725,394.4857989,391.3182333,392.1894125,461.6110126,461.9401768,74.219,54.948,0.61,1142.818424,8.533333333,395.0257335,76.7528,745.5491257,860.5301744,91.5,9.4,8.8,10.69,11.41,11.69,11.00,12.99,13.6067,497.8428857,511.0581378,339.5514599,
3/1/1984,892.1083727,847.214708,601.7863264,646.5745111,594.9920938,631.0507196,752.9919216,-55.299,599.396,395.466095,392.3931813,393.1956343,463.0187949,463.3109555,74.052,55.151,3.25,1144.128266,7.866666667,397.9323334,78.80496667,757.0443252,862.5054577,99.5,9.7,9.2,10.92,11.65,11.95,11.07,12.35,13.7433,498.4311852,507.7463068,340.7797773,
6/1/1984,893.8203511,848.6059736,603.5357023,651.1299911,597.4470971,635.1543441,755.1409649,-25.619,600.928,396.3609257,393.356921,394.357981,463.9571613,464.5351976,74.128,55.479,3.48,1145.235772,7.433333333,399.4408812,79.58183333,750.8055909,864.1561901,96.6,10.6,9.8,12.37,13.02,13.21,12.31,12.2567,14.7,499.6144136,504.8359375,341.3400399,
9/1/1984,894.7806093,849.3448709,602.366355,654.1517182,599.6322727,637.7101028,755.9472468,-33.969,601.565,397.2591155,394.1245181,395.2928196,464.8229675,465.7762636,74.639,55.729,1.66,1146.221095,7.433333333,400.1100469,79.68596667,742.1775794,865.4668463,98.9,11.4,10.3,12.51,12.84,12.87,12.99,11.63,14.71,504.9272504,507.8501398,337.0887075,
12/1/1984,895.5977015,850.6319486,602.4654854,656.4781755,601.646443,640.5990151,758.0251182,-73.268,604.202,397.9569498,394.7403019,396.0019204,465.6813419,466.7831947,74.622,55.798,1.58,1147.112382,7.3,400.1669906,79.53976667,739.6539772,866.2804659,95.0,9.3,8.8,10.84,11.51,11.76,11.80,11.03,13.6067,507.2858637,510.7156861,331.1661609,
3/1/1985,896.5628385,852.3167112,602.6928211,657.5921787,601.911376,638.3689051,759.108341,-54.833,612.803,398.9743018,395.9129213,397.3569555,466.5951658,467.8730389,74.898,55.965,4.66,1147.804757,7.233333333,400.4993481,78.86593333,744.6779557,866.0213587,94.5,8.5,8.2,10.28,11.20,11.59,10.54,10.5767,13.3933,512.5183474,517.7843213,329.7687005,
6/1/1985,897.4390164,853.2305621,603.5271841,659.0144855,601.6966588,643.1654701,761.3033579,-27.796,601.960,399.5646985,396.7211703,398.2208055,467.5007146,468.9204915,74.958,56.143,-1.48,1148.524247,7.3,400.5903072,78.33716667,745.3368728,867.9487762,94.3,7.9,7.5,9.40,10.33,10.82,10.20,9.5733,13.02,509.6647839,521.9274159,332.7084281,
9/1/1985,898.9544064,855.1121076,605.3639261,657.8702033,600.227342,642.1934414,763.5569551,-47.258,610.885,400.2265822,397.5022843,399.2428724,468.1204872,469.805318,75.580,56.856,2.95,1149.113306,7.2,400.4380953,77.77496667,743.8971592,867.6359842,92.8,7.9,7.1,8.90,9.77,10.34,9.50,9.0033,12.47,504.6420626,523.8036436,332.4712227,
12/1/1985,899.6949112,855.3282275,607.5129456,659.663807,603.1672753,646.0322207,763.9683653,-76.018,611.342,400.744227,398.1971864,399.9569795,469.1347882,470.9530201,76.291,57.084,-1.36,1149.708398,7.033333333,401.0212068,77.7767,750.9152601,868.6874079,91.1,8.1,7.2,8.53,9.24,9.77,9.50,8.83,11.9767,497.8587196,528.3203729,337.3928955,
3/1/1986,900.6239355,856.1983175,611.4845441,658.6681594,606.2512306,645.9323691,764.7553194,-60.375,611.101,401.2374999,398.9033428,401.0322652,469.6533192,472.0282993,76.988,57.771,3.80,1150.123405,7.033333333,401.6218443,78.38696667,754.8907164,869.9936881,95.5,7.8,6.9,7.78,8.17,8.57,9.37,8.6767,11.0167,492.5411409,539.3476171,283.3311378,
6/1/1986,901.0742434,857.282069,617.0689857,656.6198619,607.3221938,650.0990827,766.8184402,-30.811,611.443,401.5878389,398.7977367,401.7145493,469.1653646,472.8567064,78.275,58.223,3.37,1150.463788,7.166666667,401.0120207,78.17906667,753.796266,871.2644837,96.8,6.9,6.1,6.98,7.40,7.60,8.61,8.3667,10.2733,487.5243124,548.3135804,263.3326655,
9/1/1986,902.0256768,859.0355731,618.4318567,655.4643408,609.5851589,652.8332117,768.9732141,-53.895,613.577,402.0608316,399.3240407,402.3993626,469.7749367,473.7951297,78.805,58.472,0.36,1150.956984,6.966666667,401.3995187,78.37723333,747.2311225,871.9012318,94.8,6.2,5.5,6.45,6.93,7.31,7.85,9.1667,10.18,483.2879299,548.5488396,262.9006994,
12/1/1986,902.5611921,859.6469144,618.7122404,656.4269827,613.2529987,653.6063864,768.5591434,-64.372,617.983,402.6529568,399.9270466,403.2079011,470.4713816,474.7537427,79.365,58.351,-1.01,1151.604725,6.833333333,402.527014,78.9446,744.5612242,872.0525795,92.0,6.3,5.4,6.28,6.75,7.26,7.50,9.7567,10.0933,483.4065166,549.5937961,273.2959592,
3/1/1987,903.3042177,859.7464304,618.5569531,654.0337841,613.3419735,653.0183509,769.1438991,-57.601,617.454,403.2309571,400.864142,403.8344301,471.6711561,475.5599665,78.803,58.084,-4.35,1152.208671,6.6,403.8407167,79.54093333,747.3826377,872.9699029,90.5,6.2,5.5,6.35,6.74,7.20,7.50,10.2133,9.66,477.8408952,563.2286473,290.3013733,
6/1/1987,904.3766172,861.1018087,618.9096631,656.0294752,617.3792354,655.4894481,769.9162829,2.144,630.137,403.9078474,401.8243151,404.7992257,472.7977615,476.7572442,78.554,58.487,4.39,1152.987107,6.266666667,405.6050619,80.29076667,738.5230923,872.0248315,91.8,6.7,5.7,7.45,7.95,8.34,8.05,9.5567,10.3567,474.2555393,568.1082434,296.3415672,
9/1/1987,905.2410895,862.2365849,618.0836607,658.7703997,621.6284692,657.4199585,770.021281,-28.595,628.140,404.6763667,402.7658552,405.6896499,473.8534898,477.6880082,78.575,58.497,1.40,1153.701302,6,407.4756745,81.1952,739.3263095,873.8019393,93.9,6.8,6.0,7.84,8.42,8.87,8.40,9.81,10.9067,475.6852107,576.6444236,301.4799336,
12/1/1987,906.9433274,862.4479192,618.245963,658.6444032,625.2911083,659.693422,771.5094165,-80.409,630.161,405.423412,403.626808,406.7013333,474.7826486,478.8324729,78.883,59.065,0.68,1154.626675,5.833333333,409.8425114,82.92783333,732.887499,875.1411194,86.4,6.9,5.9,7.99,8.63,9.13,8.87,9.9633,11.38,469.9698242,554.2830944,292.6900103,
3/1/1988,907.4589375,864.1990326,616.4393801,659.4404568,630.6955712,659.2212681,770.6715923,-37.596,628.947,406.1941887,404.4138396,407.6616116,475.5599665,479.7991977,79.725,59.271,5.81,1155.360665,5.7,410.774219,83.23433333,726.2160983,876.5978498,92.3,6.7,5.7,7.35,7.90,8.41,8.59,9.51,10.7533,466.5493586,555.3347107,281.6246692,
6/1/1988,908.7641523,864.9346084,617.6650331,661.6535891,633.4594926,658.0628042,770.969767,0.674,629.655,407.1877388,405.5124294,408.8667366,476.7005549,481.001398,79.848,59.416,1.19,1156.177912,5.466666667,411.6376185,83.98556667,730.6978726,877.62237,93.6,7.2,6.2,7.88,8.43,8.91,8.78,9.6867,10.98,465.4455466,557.2660748,284.9607632,
9/1/1988,909.348066,865.8192629,617.7255495,662.278127,635.4109137,660.394789,770.9815159,-36.930,631.522,408.4041669,406.7367258,410.011676,477.9123493,482.1087692,79.935,59.577,1.64,1156.879212,5.466666667,412.0082157,84.0521,730.2496424,878.5835146,96.0,8.0,7.0,8.47,8.77,9.10,9.71,9.4867,11.0733,470.7564306,558.6998814,271.885825,
12/1/1988,910.6722781,866.949857,618.3756855,663.6609853,638.4173642,663.3955073,772.9033547,-67.448,633.637,409.3210586,407.7430094,411.1228992,478.9988623,483.3102254,79.789,59.717,0.00,1157.681065,5.333333333,412.7085997,84.7809,734.6870055,879.5233935,93.0,8.5,7.7,8.71,8.80,8.96,10.18,8.9667,10.5133,466.2778499,561.6649999,268.650873,
3/1/1989,911.6831569,867.4127194,617.413271,665.2502319,641.3603209,663.8595276,772.4628246,-61.058,639.394,410.2775588,408.884614,412.2084019,480.1285065,484.3662014,79.212,59.751,-1.39,1158.434339,5.2,413.1767185,84.90503333,730.6083872,880.6538879,95.9,9.4,8.5,9.42,9.32,9.21,10.98,8.89,10.6433,468.2270106,567.2291808,291.3328447,
6/1/1989,912.4433839,867.878401,614.2365309,666.5929675,645.6455635,664.3324781,773.9892365,22.712,638.783,411.3542432,410.2230056,413.1137116,481.7320196,485.4371272,78.357,59.940,-2.04,1158.905591,5.233333333,412.8140331,83.81806667,721.2048617,880.359945,90.9,9.7,8.4,8.94,8.82,8.76,11.36,9.1933,10.3667,472.6121531,574.7161198,301.3523075,
9/1/1989,913.181651,868.8418411,613.7784288,669.1034681,646.6618951,664.1963848,774.8849077,-47.523,639.929,412.0937806,410.8110487,413.8552817,482.5108606,486.3938248,78.499,60.231,2.19,1159.160725,5.233333333,412.180948,82.5197,720.489251,881.022095,92.5,9.1,7.8,8.09,8.03,8.11,10.66,9.3967,9.8867,473.26659,583.4615689,295.7684206,
12/1/1989,913.3783249,869.2755288,611.6351402,668.0886046,648.1642977,665.9895021,775.3852705,-69.815,641.408,412.7730981,411.5948399,414.7664136,483.5223146,487.5960391,78.932,60.241,-0.87,1159.623667,5.366666667,412.5748479,81.92626667,719.843286,881.8654887,91.8,8.6,7.7,7.85,7.84,7.91,10.50,9.4033,9.8133,471.5243579,584.4703166,301.2245182,
3/1/1990,914.4659866,870.1135933,612.517233,669.3636259,652.4155375,669.111429,776.9716533,-80.910,640.884,413.8568763,413.0338922,415.9117431,485.2290647,488.8593202,79.205,60.807,0.98,1160.30038,5.3,413.319448,82.17613333,726.239482,882.6294231,91.3,8.3,7.8,8.36,8.38,8.42,10.04,9.2933,10.0967,470.1616084,581.7983696,307.8340917,
6/1/1990,914.8273461,870.4177361,608.4918232,668.0528151,653.651477,668.9435077,777.129186,-12.518,643.027,414.9700427,413.9371039,417.0224773,486.2135286,490.1564199,80.029,61.233,0.65,1160.635813,5.333333333,414.0422586,82.16946667,710.0302156,883.3234318,90.9,8.2,7.7,8.57,8.64,8.67,10.00,8.9333,10.31,470.5775413,585.6808808,288.4614476,
9/1/1990,914.8943577,870.8131187,602.96015,668.758767,654.4054281,668.5388926,777.288155,-57.223,644.275,415.8304791,415.2000075,418.0282678,487.9260305,491.6324615,79.783,61.430,0.24,1160.507307,5.7,414.4670583,81.87746667,703.1741259,883.2898908,79.1,8.2,7.5,8.10,8.42,8.70,10.00,8.91,10.4167,465.204423,581.531401,327.7132154,
12/1/1990,913.9799875,870.0494601,597.0091768,667.1731254,655.2820249,665.8204865,777.9545593,-83.214,644.030,416.5920761,416.5139513,418.8644131,489.6096989,492.773666,79.161,60.791,-0.64,1160.138496,6.133333333,412.9258472,80.10826667,694.9536813,882.431508,65.1,7.7,7.0,7.61,8.04,8.41,10.00,8.7867,10.5967,460.4339841,575.9069899,346.1131569,
3/1/1991,913.5110232,869.67272,591.5861034,665.1491379,655.8911024,664.6743699,778.5491028,-65.015,641.907,417.558655,417.0384397,419.7477599,490.3544888,494.21185,79.216,60.985,1.61,1159.715325,6.6,411.0180728,77.98456667,679.6451209,882.6812865,75.0,6.4,6.0,7.04,7.65,8.02,9.19,8.4467,10.2033,461.8727864,586.7440106,308.1022726,
6/1/1991,914.2874905,870.4980616,594.6097343,664.6442721,659.472121,666.4361825,778.9550628,-26.144,641.825,418.2767443,417.5832379,420.5155199,490.9463524,495.1121167,80.363,61.971,2.49,1159.280508,6.833333333,411.6090833,78.09033333,691.8695219,883.4099059,80.7,5.9,5.6,6.89,7.77,8.13,8.67,8.28,9.92,467.7946558,593.6621011,303.2674752,
9/1/1991,914.7911624,870.9954068,597.9277587,663.7788035,661.8119299,669.2114759,778.6745725,-95.121,642.437,419.0412031,418.259961,421.4120672,491.7056947,496.1911794,80.839,62.505,-0.65,1159.277739,6.866666667,413.0174383,79.2156,694.9217069,883.8169798,82.6,5.6,5.4,6.52,7.50,7.95,8.40,8.2767,9.6833,467.612247,595.4826496,307.5236375,
12/1/1991,915.1396836,870.9453528,599.8807025,663.7213469,664.0386814,671.3965412,777.9401721,-83.575,643.841,419.6208974,418.9831494,422.1955687,492.5319449,497.1201225,81.320,62.798,-0.85,1159.290971,7.1,413.2111762,79.19736667,699.1176887,884.6448976,71.9,4.8,4.5,5.50,6.56,7.35,7.60,7.98,9.4,463.2308586,595.8691582,307.9000543,
3/1/1992,916.3290692,872.8003885,605.441282,663.3294354,665.8303686,672.1202784,778.8225239,-114.114,644.167,420.0204953,419.6083528,422.9579364,493.2072972,497.9946965,83.000,64.051,10.33,1159.310662,7.366666667,413.0962532,78.83786667,712.3672785,886.6374797,70.8,4.0,3.9,5.29,6.59,7.31,6.50,8.0233,9.2033,464.0392532,602.1023349,293.970851,
6/1/1992,917.408087,873.4769273,608.8029167,666.5122286,665.8779685,673.7508923,778.6289729,-30.013,645.823,420.6154237,420.2710557,423.6620251,493.9735844,498.861688,83.216,64.601,-1.37,1159.568141,7.6,414.8594398,79.86196667,704.9833378,887.6246638,78.9,3.8,3.7,5.20,6.65,7.38,6.50,7.7333,9.13,464.4323589,601.6555373,305.3340586,
9/1/1992,918.3914258,874.5431423,608.8401131,668.0303209,667.9749928,675.3149662,779.2639138,-62.638,646.584,421.0926877,420.9066126,424.2525075,494.7340444,499.6310967,83.629,65.173,0.54,1159.811491,7.633333333,415.645566,80.0819,707.6372244,888.0877512,76.1,3.3,3.1,4.15,5.61,6.62,6.01,7.4067,8.7033,459.812543,603.345378,307.5944198,
12/1/1992,919.4292288,875.7279756,612.5838085,670.6166373,668.4749218,677.6806833,779.2523971,-120.334,651.250,421.7947665,421.6016323,424.9827687,495.6061772,500.5287688,83.452,65.570,-0.76,1160.186997,7.366666667,416.6766511,80.12313333,711.3413516,888.5399394,83.2,3.0,3.1,4.44,5.90,6.74,6.00,6.8933,8.87,465.4569688,604.8931247,301.9399971,
3/1/1993,919.5957432,876.1106432,612.6478715,671.6050437,668.6978924,679.8227202,778.0040203,-63.127,648.759,422.3880484,422.1955687,425.6690143,496.3310722,501.3963084,82.411,65.004,-7.08,1160.772642,7.133333333,417.5904068,80.5712,706.2762735,888.9152072,87.3,3.0,3.0,4.13,5.47,6.26,6.00,6.8433,8.4033,468.083409,609.213149,298.6943768,
6/1/1993,920.1763697,877.0161296,613.973217,673.551252,669.8859741,681.867704,778.012965,-17.571,654.329,422.9763755,422.8647185,426.4251411,497.0507503,502.2344254,82.431,64.621,-2.08,1161.311162,7.066666667,417.793175,80.43686667,714.3617603,889.224491,82.5,3.0,3.0,4.00,5.18,5.99,6.00,7.16,8.14,464.8210518,609.9114864,298.3659692,
9/1/1993,920.6523095,878.1228981,617.6533368,674.3538556,669.6168441,683.1760451,778.1550534,-53.582,654.987,423.4772949,423.2985103,426.9827977,497.5123251,502.8256895,82.153,64.901,-3.71,1161.941235,6.8,418.1446907,80.18223333,716.9350017,889.3110475,77.4,3.1,3.0,3.97,4.95,5.62,6.00,7.9467,7.6233,466.2259153,611.7112793,287.8992444,
12/1/1993,922.0033244,878.9968914,622.6635676,677.8973048,672.7891499,687.1148347,778.5075218,-90.767,661.528,424.0635866,423.8728656,427.4960962,498.3378285,503.6086427,82.196,65.156,3.79,1162.634641,6.633333333,419.7132772,81.12703333,726.7990544,890.002634,84.0,3.0,3.1,4.09,4.98,5.62,6.00,8.1733,7.5533,467.7583866,614.0416092,280.0406528,
3/1/1994,922.9682109,880.1341678,624.1610821,678.950122,673.7659482,689.4177517,777.262555,-61.508,658.964,424.5734291,424.2309483,427.9490829,498.8389685,504.2564532,81.488,65.351,-3.66,1163.401562,6.566666667,420.9382104,81.52176667,723.7778192,890.6619248,93.0,3.2,3.2,4.56,5.50,6.09,6.02,8.57,7.8467,468.1658893,615.1583098,269.5527676,
6/1/1994,924.3146324,880.909221,627.3546217,680.4950605,677.0863962,693.0760615,777.7562604,1.037,664.254,425.0493245,424.7871238,428.6199238,499.4054139,504.9428565,81.703,65.404,-0.78,1164.320784,6.2,422.7636343,82.69043333,729.0747531,891.6635756,92.2,3.9,4.0,5.83,6.67,7.09,6.90,8.28,8.5967,466.529586,611.1437849,287.7886736,
9/1/1994,924.8974375,881.6688265,625.8738087,682.1900397,680.7608924,695.8493069,779.4278935,-51.944,664.678,425.5811272,425.5026249,429.1769085,500.327494,505.6882545,81.064,65.032,-0.60,1165.197121,6,424.0325772,83.08313333,728.2302884,892.2453834,90.7,4.5,4.5,6.23,6.96,7.33,7.50,7.66,8.84,463.0496744,613.3108847,291.7590536,
12/1/1994,926.0367866,882.7441569,624.3221988,686.0171727,683.0430292,698.6240158,778.5540082,-75.414,667.075,426.1369159,425.970833,429.6831789,500.9078527,506.3227744,81.339,65.722,3.20,1165.988463,5.633333333,426.0262874,84.16973333,729.4377299,893.6701453,93.1,5.2,5.3,7.16,7.63,7.84,8.13,7.4333,9.2067,462.3530597,613.1233663,287.1113427,
3/1/1995,926.3909575,882.992747,622.0161251,689.6460229,684.9509451,700.7944446,778.9032117,-70.599,668.848,426.7050593,426.4588852,430.2058577,501.6396445,507.1625862,81.328,65.771,0.91,1166.73761,5.466666667,427.0471975,84.10473333,718.8412736,894.5206609,94.3,5.8,5.7,7.11,7.37,7.47,8.83,6.9867,8.8767,461.614969,617.4008371,290.9992815,
6/1/1995,926.6881373,883.8655918,618.8802787,690.5989421,686.3434462,701.7396818,779.2386496,23.930,671.774,427.1946667,427.0391847,430.7976353,502.4538199,507.9746677,81.387,66.088,4.14,1167.107955,5.666666667,427.3773514,83.25423333,716.0328174,894.8044439,91.7,6.0,5.6,6.13,6.38,6.60,9.00,7.05,8.2333,455.8675884,626.0899906,296.234783,
9/1/1995,927.5350657,884.7677536,622.5135293,691.2343537,690.5799367,702.0826788,778.9759282,-41.867,672.175,427.6416088,427.4464623,431.2739077,502.9566082,508.6361005,81.443,66.076,0.66,1167.529655,5.666666667,428.320672,82.82613333,725.5120354,895.7167074,93.2,5.8,5.4,5.86,6.09,6.33,8.77,7.61,8.0533,458.8817202,633.6973154,288.2190232,
12/1/1995,928.2121353,885.4628821,624.4376393,693.15469,691.9975309,703.3527648,777.9241095,-55.733,673.634,428.1128371,427.885354,431.7741415,503.5002651,509.3341119,81.695,66.445,0.94,1167.992468,5.566666667,429.151961,82.4916,725.6532451,896.2998044,89.8,5.7,5.3,5.50,5.69,5.90,8.72,7.59,7.64,460.6748939,639.3044284,289.9037803,
3/1/1996,928.9585839,886.3809375,627.0074404,695.65763,693.1942398,706.5517714,778.5815655,-72.928,677.536,428.5722211,428.4400024,432.1657189,504.3855132,510.0069659,81.967,66.866,6.57,1168.420854,5.533333333,429.8243224,81.60663333,728.6648231,897.2417306,90.5,5.4,4.9,5.27,5.57,5.91,8.33,7.23,7.71,462.9199164,645.6785354,298.4165637,
6/1/1996,930.6123167,887.450967,631.2751533,698.2859226,694.8065783,708.7650561,779.8193906,53.427,682.609,428.9801691,429.1071126,432.6403806,505.2416828,510.5945474,82.031,67.511,-2.96,1169.082894,5.5,431.9637801,82.24756667,731.0327317,898.153918,91.5,5.2,5.0,6.11,6.49,6.71,8.25,7.4267,8.2967,463.9503978,649.0673002,307.9920224,
9/1/1996,931.5051677,888.0545611,631.0674719,701.3838493,695.6114874,711.9557965,779.8187339,-32.199,682.858,429.4642461,429.5324301,433.0956999,505.815481,511.2389314,82.243,67.757,-0.11,1169.697885,5.266666667,433.2496259,82.452,731.4108881,898.9606415,94.9,5.3,5.1,6.18,6.54,6.78,8.25,7.5733,8.2933,463.7046689,649.3062678,311.0102083,
12/1/1996,932.5381875,888.8479054,629.925692,703.8903183,701.6587262,713.9087611,780.5064598,-58.840,685.264,429.8862393,430.2112738,433.6632572,506.6805566,511.8791897,82.044,67.813,1.71,1170.290926,5.333333333,434.6182249,82.29556667,725.629724,899.4921078,97.5,5.3,5.0,5.80,6.11,6.35,8.25,7.17,7.9167,464.2648998,658.8642118,320.5452805,
3/1/1997,933.1823222,889.8964881,630.436251,706.1856872,703.5405034,718.0911866,779.9853723,-52.325,688.554,430.3335097,430.6521533,434.0553386,507.2879519,512.455904,82.555,67.674,-2.25,1170.911705,5.233333333,436.4986438,82.76293333,726.7292789,900.4393932,99.0,5.3,5.1,6.04,6.36,6.57,8.27,6.8767,8.07,469.1054261,666.6435028,312.6321843,
6/1/1997,934.8300692,890.3456724,631.8236855,708.239986,707.4602727,721.3924408,781.2729015,100.529,691.214,430.8299359,430.902126,434.5755899,507.5173815,513.0884422,83.098,68.676,3.31,1171.626351,5,437.8921402,82.69276667,729.7091005,901.3221878,103.0,5.5,5.0,6.28,6.57,6.70,8.50,6.6667,8.1867,470.4870714,671.4700365,299.1054684,
9/1/1997,936.0732569,892.0350706,632.7848208,712.54624,709.7500876,725.0113019,781.7347627,-11.252,693.973,431.1268814,431.1657817,434.8086289,508.0161357,513.5210029,83.566,69.245,4.59,1172.207556,4.866666667,440.1804343,83.18866667,728.4592263,902.4922025,105.8,5.5,5.0,5.90,6.13,6.24,8.50,6.6367,7.7567,471.8900576,683.5023283,298.4839832,
12/1/1997,936.9282412,893.2231926,633.827742,713.1828878,709.610778,727.1463928,782.2353379,-39.665,695.219,431.4844623,431.478669,435.1249507,508.5536602,514.0883525,84.637,69.591,-0.72,1172.995168,4.666666667,442.6812363,83.71563333,733.432935,903.9540189,105.0,5.5,5.1,5.73,5.84,5.91,8.50,6.49,7.4367,472.8245858,685.7321299,299.1556902,
3/1/1998,937.9230462,894.2296338,635.8688009,716.3768805,710.0781008,730.8283554,781.8768509,-29.874,696.940,431.5860122,431.4866903,435.4188559,508.7596335,514.6912912,85.938,70.222,3.05,1173.604768,4.633333333,443.801543,83.11606667,735.1586034,906.0373705,107.8,5.5,5.1,5.45,5.51,5.59,8.50,6.3333,7.2533,475.3297045,692.8841396,276.8204124,
6/1/1998,938.8444715,895.9752394,639.2708425,719.7007268,708.9680924,733.094373,783.611884,137.105,698.612,431.8447653,431.6670001,435.7247143,509.0883109,515.2520584,86.787,70.613,4.77,1174.234793,4.4,444.4585072,81.76503333,736.0315995,907.4031793,106.9,5.5,5.0,5.56,5.59,5.59,8.50,6.42,7.2533,476.56806,701.1817953,268.4667841,
9/1/1998,940.0894614,897.2708495,642.1511855,721.2694167,708.5018229,734.4346246,784.3623515,1.703,701.101,432.2316438,431.9761084,436.0794486,509.5997163,515.8480421,87.810,71.556,4.14,1174.800022,4.533333333,445.2071064,80.86463333,739.7152955,908.4055044,103.5,5.5,4.8,5.14,5.13,5.21,8.50,6.9333,7.1267,478.1515588,698.8364011,264.8300197,
12/1/1998,941.6923554,898.705206,644.47619,724.1440063,712.1348571,737.6199568,784.9508278,-54.842,702.746,432.4993213,432.2391627,436.3968734,510.0679106,516.4023779,87.937,72.110,-1.45,1175.399014,4.433333333,446.6400718,81.05353333,745.143524,909.1939646,100.2,4.9,4.3,4.38,4.39,4.66,7.92,7.3267,7.25,472.9085492,702.315031,255.2565298,
3/1/1999,942.632234,899.7270411,644.8681461,726.3354214,711.844399,740.4064244,785.6663045,5.397,704.111,432.7689238,432.436221,436.6481432,510.4328005,516.8398489,89.196,73.117,6.72,1175.991314,4.3,447.7579967,80.85206667,744.385871,910.2799704,105.9,4.7,4.4,4.86,4.90,5.00,7.75,7.4867,7.4033,473.5303311,713.8075655,256.8532673,
6/1/1999,943.463526,901.2468534,646.4202404,728.9550793,713.0587582,743.2379069,786.0269159,144.664,705.445,433.220594,433.003134,436.9945619,511.1786965,517.3132001,88.889,73.368,-1.28,1176.625933,4.266666667,448.6835498,80.6023,736.1587181,910.3986771,106.2,4.7,4.5,5.28,5.44,5.54,7.75,7.7133,7.74,475.8303205,719.2778796,287.1302195,
9/1/1999,944.7781228,902.3647836,647.1768693,731.7780773,716.019352,746.7891503,787.2235233,30.392,707.509,433.6035051,433.5515746,437.3620569,511.9190701,517.840707,88.997,74.066,1.15,1177.209232,4.233333333,449.5764091,80.21356667,740.8934526,911.1602324,105.9,5.1,4.7,5.63,5.78,5.88,8.10,7.7667,8.1,474.8880844,720.207778,307.9000543,
12/1/1999,946.4075202,903.8169007,647.9117906,732.2209464,718.1315861,749.3148526,788.7672616,-20.409,710.278,434.1282762,434.1573496,437.8311408,512.6540024,518.402822,90.090,75.145,5.33,1177.891137,4.066666667,451.3276729,80.8811,741.1354858,912.489141,105.3,5.3,5.0,5.95,6.07,6.14,8.37,7.6067,8.24,473.0339211,722.4920908,320.1254816,
3/1/2000,946.7715287,905.3176373,648.4138013,735.8209814,719.568682,753.0205279,788.0548454,-14.912,714.840,434.7926787,434.9662693,438.3537992,513.6386499,519.0546541,92.354,74.858,-0.34,1178.479569,4.033333333,452.3217628,80.7776,741.397029,914.2225686,110.1,5.7,5.5,6.53,6.58,6.47,8.69,7.4033,8.33,475.1674564,725.7630155,336.0606842,
6/1/2000,948.5749944,906.2470675,647.9038842,738.8962229,722.5693968,756.156582,789.035721,211.241,715.788,435.3922898,435.4415601,438.7022468,514.4194464,519.6838198,91.872,76.290,3.98,1179.069356,3.933333333,453.5446333,80.772,736.9390659,915.4083904,108.8,6.3,5.7,6.57,6.42,6.18,9.25,7.0767,8.5933,478.0827922,727.7432022,335.9796516,
9/1/2000,948.6751667,907.200592,646.3354521,739.9778806,724.9449571,759.6914518,788.6133656,60.319,716.368,436.0164388,436.0837046,439.182844,515.3291594,520.3457086,92.806,76.272,1.03,1179.262325,4,453.4465135,79.73386667,731.5661849,916.695607,107.5,6.5,6.0,6.22,6.06,5.89,9.50,7.2233,8.32,479.8810774,729.6754431,345.3895245,
12/1/2000,949.2680703,908.0704809,646.4339051,740.3531243,723.9465481,759.837577,789.2245074,-3.040,717.489,436.5566914,436.64772,439.6775664,516.0395397,520.9486153,92.677,77.032,4.89,1179.462971,3.9,453.1718819,78.2838,734.2131731,917.3150662,103.9,6.5,6.0,5.72,5.56,5.57,9.50,7.1067,8.2133,483.0064204,721.9912867,346.5110707,
3/1/2001,948.9433162,908.4325119,646.8552399,739.4533979,722.6790659,758.5391789,790.7758653,-21.859,717.089,437.2392879,437.3860045,440.32539,516.9915652,521.6745713,93.869,76.634,0.30,1179.618276,4.233333333,451.8680128,76.2684,738.0879036,918.1258223,92.3,5.6,4.8,4.58,4.79,5.04,8.62,6.9233,7.88,482.6079243,715.1284268,336.0722549,
6/1/2001,949.5624572,908.6332175,648.3872655,737.3620482,719.7010863,755.286124,792.4945993,194.256,716.333,437.9034663,437.8528858,440.7024079,517.6902745,522.2875171,93.564,77.960,3.73,1179.351243,4.4,450.5856904,74.54333333,739.6335294,917.8688013,91.0,4.3,3.7,4.19,4.84,5.28,7.34,6.6233,8.0367,486.023867,711.7183848,332.8029139,
9/1/2001,949.1609425,908.9805867,649.006277,736.1731973,714.4406391,752.9916532,792.3956864,-41.121,700.695,438.2064134,437.9034663,440.9605322,517.9721501,522.9681574,93.443,78.424,0.70,1179.049659,4.833333333,449.1582587,72.88653333,737.7550553,920.0266467,88.6,3.5,3.2,3.68,4.51,5.00,6.57,6.7133,7.95,485.0935915,704.1000381,328.0911216,
12/1/2001,949.4383331,910.5812177,648.361227,733.2578863,710.898609,751.9505836,794.04051,-35.334,709.904,438.5283824,437.9444136,441.4417184,517.8970609,523.6264642,94.388,79.400,3.47,1178.442226,5.5,448.0483374,71.78256667,735.8830898,918.3520582,85.1,2.1,1.9,2.87,4.08,4.76,5.16,6.35,7.9233,485.9145515,701.8461511,301.5698286,
3/1/2002,950.2629316,910.803607,651.5891107,730.8306802,713.0594784,754.752278,795.7645001,-96.295,696.183,438.7946577,438.1455638,441.7486277,518.2158012,524.1747015,94.511,81.056,4.99,1178.118259,5.7,448.7532015,72.16186667,745.1822237,920.6727186,93.1,1.7,1.7,3.20,4.46,5.08,4.75,6.28,7.9567,488.3074613,703.1349574,307.3156171,
6/1/2002,950.8769488,911.3081615,654.0385203,729.6968775,715.9927006,758.0484423,796.5296236,15.806,695.827,439.1902705,438.8845003,442.2976621,518.998949,524.6848618,94.585,81.217,-0.39,1178.025431,5.833333333,450.3004561,73.08306667,743.3075349,921.4783819,94.1,1.8,1.7,3.23,4.45,5.11,4.75,6.0033,8.0233,484.4934838,697.3917481,326.8427604,
9/1/2002,951.279036,912.0055534,654.3270201,729.3702479,716.3070139,759.3118241,797.0457103,-41.558,695.453,439.6360906,439.4012846,442.8285821,519.5361365,525.2098893,94.555,81.808,2.08,1177.958306,5.733333333,450.9225205,73.63176667,743.6813671,921.6269427,87.3,1.7,1.6,2.24,3.36,4.27,4.75,5.31,7.6267,480.3012339,679.643258,334.3921314,
12/1/2002,951.4097545,912.5602082,656.1032646,728.0157174,714.8185354,761.0914175,797.7837769,-108.473,696.364,440.216009,439.8662488,443.183612,520.1255654,525.6626939,94.250,81.724,-0.25,1177.967752,5.866666667,450.8669932,73.53313333,745.5683991,922.2604855,83.8,1.4,1.3,1.89,3.01,4.00,4.45,5.6967,7.6,480.090143,678.8874103,333.8612506,
3/1/2003,951.9250526,913.0515691,657.9178015,728.5102766,714.5106226,760.6551971,797.8608149,-144.741,696.878,440.7548172,440.6280126,443.4919482,521.1487791,525.9922979,93.877,82.515,0.06,1177.850507,5.866666667,451.4881444,73.91813333,745.9338895,922.2028466,80.0,1.3,1.2,1.65,2.91,3.92,4.25,5.6567,7.12,475.3271175,675.6738533,352.9883723,
6/1/2003,952.8146621,914.1900383,659.4906908,731.2384505,714.6876898,762.1024154,798.7768676,-15.838,697.971,441.0966313,440.7288191,443.870623,520.9850385,526.1653382,95.650,83.610,4.86,1177.674252,6.133333333,450.7183528,73.50486667,746.9464113,923.4506016,89.3,1.2,1.0,1.42,2.57,3.62,4.24,5.4567,6.4733,470.563976,684.3746431,336.8559399,
9/1/2003,954.4681769,915.5941312,665.0607843,733.3367073,717.3817314,763.6563479,798.9974262,-108.289,690.245,441.6693727,441.3848247,444.3270672,521.7288061,526.5621984,96.355,85.434,4.48,1177.681165,6.133333333,451.3968953,74.00536667,754.4155726,925.1875712,89.3,1.0,0.9,1.68,3.14,4.23,4.00,5.9267,6.8067,470.3847418,690.8258452,340.8283328,
12/1/2003,955.6154551,916.2802229,667.9930915,734.5863941,721.7809469,766.783187,799.6026954,-129.201,698.769,442.2472558,441.8756267,444.7740246,522.1076286,526.8201743,97.316,86.220,-2.19,1177.916937,5.833333333,452.3560919,74.86266667,761.8578645,925.4621975,92.0,1.0,0.9,1.86,3.24,4.29,4.00,5.6433,6.6633,464.5332763,696.2644236,344.0097531,
3/1/2004,956.1863066,917.2082691,669.1530239,733.5929114,724.0155665,769.5454625,800.0595944,-172.244,699.040,442.9613694,442.6434193,445.3226513,522.9503051,527.2999559,96.321,86.022,-0.46,1178.228062,5.7,453.0496208,75.42833333,755.9212032,925.9054343,98.0,1.0,0.9,1.69,2.98,4.01,4.00,5.4867,6.2733,461.5932069,703.2877274,356.2654637,
6/1/2004,956.9621916,917.7524369,672.275951,736.0628199,726.0880932,773.4091981,800.3304214,-25.287,702.305,443.7697832,443.3143455,445.8922087,523.7328095,527.9304427,97.423,86.907,3.96,1178.777049,5.6,453.6142314,76.11406667,756.9067736,926.9385708,93.3,1.0,1.1,2.45,3.72,4.60,4.00,5.32,6.6633,464.706041,702.3729302,364.6232879,
9/1/2004,957.898934,918.9202125,672.9877832,738.8800537,726.4155485,774.7857599,800.514482,-85.783,706.094,444.4015032,443.8048523,446.2500019,524.3685171,528.3542081,98.546,87.254,3.21,1179.024907,5.433333333,454.1717298,76.85146667,758.9335823,927.6533773,95.6,1.4,1.5,2.56,3.51,4.30,4.42,5.1467,6.45,462.9482238,700.6831087,378.1002743,
12/1/2004,958.9160296,920.0449619,674.3570492,740.9132689,728.7616042,777.0882759,800.4574962,-115.789,708.043,445.1692613,444.656125,446.7906121,525.4365479,528.9612926,97.904,87.691,2.30,1179.452407,5.433333333,455.5918315,77.734,758.3417145,928.9077613,93.9,2.0,2.0,2.82,3.49,4.18,4.94,5.0933,6.1867,457.4061283,705.7714358,387.7569577,
3/1/2005,960.0204414,920.6783654,676.6892966,742.354934,730.6209871,777.9460694,800.9552158,-177.713,719.012,445.9334838,445.2360828,447.4993161,525.9403273,529.5814236,98.091,88.704,1.31,1179.800916,5.3,456.9919103,78.64816667,763.6108715,927.6901846,94.1,2.5,2.5,3.45,3.89,4.30,5.44,5.38,5.9667,456.7437166,708.3371069,390.6139062,
6/1/2005,960.5061301,921.7804645,678.5238884,743.957576,732.8270563,779.2759657,800.89745,45.739,720.288,446.6620509,445.8655831,447.9939485,526.6138468,530.0481689,97.992,88.535,0.53,1180.347841,5.1,457.532591,78.69913333,762.6245267,928.6563487,90.2,2.9,2.9,3.65,3.87,4.16,5.91,5.39,5.9733,459.4796566,707.4669839,397.110919,
9/1/2005,961.2887895,922.6067352,679.6268033,746.0209254,732.8064992,779.8359314,801.2274421,-70.106,722.614,447.6017763,446.9392463,448.3830834,528.1171208,530.3802297,97.750,89.078,0.10,1180.897245,4.966666667,457.1051714,78.1064,764.9692624,929.0730712,87.5,3.5,3.4,3.96,4.04,4.22,6.43,5.8933,5.98,460.6758923,710.9996531,414.4403762,
12/1/2005,961.8548382,922.7908937,679.4497551,746.7911492,735.8584371,783.0080566,801.3056149,-119.225,726.320,448.3951254,447.7325451,449.0484848,529.0453191,531.0410614,97.438,89.162,-1.45,1181.25287,4.966666667,457.9951177,78.8068,763.4659556,929.9089682,82.4,4.0,3.8,4.36,4.39,4.49,6.97,5.68,6.3367,462.0826976,711.5148807,409.4899964,
3/1/2006,963.1947822,923.8754539,678.5366152,750.089824,739.8292886,785.0451497,802.567432,-183.665,730.822,449.0925882,448.2509022,449.6262646,529.5647138,531.6648323,98.865,89.822,2.55,1181.847938,4.733333333,458.927113,79.1551,765.9328588,931.9009408,88.9,4.5,4.4,4.60,4.55,4.58,7.43,5.3867,6.3067,461.0316919,715.6987541,414.8622288,
6/1/2006,963.4398225,924.392562,673.420633,751.8244719,741.6637616,786.0360582,802.5369548,96.191,732.576,449.973189,449.1243455,450.4196331,530.4630729,532.4796999,98.041,89.665,-3.20,1182.230543,4.633333333,459.5163957,78.9365,752.5639975,932.2811547,83.8,4.9,4.7,5.00,4.99,5.07,7.90,5.3633,6.7367,457.6534058,715.600759,425.6038151,
9/1/2006,963.5902182,925.0326753,667.7310765,753.523402,741.5309357,787.0302301,802.3916022,-41.440,735.098,450.7028,449.8416107,450.9569297,531.402666,533.1590943,97.292,89.389,-2.78,1182.543916,4.633333333,459.895793,78.7101,743.9755138,932.4805316,84.0,5.2,4.9,4.93,4.84,4.89,8.25,5.5767,6.5933,457.0206001,716.1138333,425.4808604,
12/1/2006,964.430223,925.9820584,662.9613288,754.5781533,745.2554992,786.9016317,803.2105163,-80.362,735.878,451.0826539,449.6760582,451.3865972,530.9916502,533.6736476,99.411,90.123,1.10,1182.813515,4.433333333,460.1106273,78.482,735.8830898,933.7439874,92.5,5.2,4.9,4.74,4.60,4.63,8.25,5.7533,6.28,457.0330263,723.6684855,409.5898909,
3/1/2007,964.7239546,926.5969289,658.3345735,756.3622622,747.218745,788.3468216,803.3490396,-177.945,738.182,452.0788077,450.586169,452.0744554,531.9672709,534.2578241,100.862,90.355,-0.45,1183.217403,4.5,461.0805279,78.7188,728.710454,934.482173,92.2,5.3,5.0,4.76,4.64,4.68,8.25,5.53,6.2967,457.3834306,726.2139912,406.2681882,
6/1/2007,965.3602103,926.858994,654.2952393,758.5578597,748.7209548,788.877064,804.2590523,136.807,738.962,452.7111342,451.4315068,452.4896063,533.0934594,534.742018,99.668,90.659,-2.40,1183.477705,4.5,462.3032697,79.18763333,728.0008253,934.9348407,86.9,5.3,4.7,4.80,4.76,4.85,8.25,5.4567,6.4933,454.1015591,731.0766245,417.3925625,
9/1/2007,965.9605436,927.5238766,647.7056206,760.114493,751.7976182,789.4354976,804.7152121,-39.123,737.916,453.132987,451.9953561,452.979269,533.7244767,535.2562467,99.407,91.519,-1.11,1183.536639,4.666666667,462.4603791,78.697,716.1622003,935.1078649,85.7,5.1,4.3,4.39,4.51,4.74,8.18,5.6,6.63,451.1178137,730.707937,432.4132656,
12/1/2007,966.568077,927.917179,638.9994328,761.6446325,754.0654454,788.4865249,805.5012324,-108.142,737.949,453.6163029,453.0069413,453.6684329,534.9436562,535.9577081,99.348,92.258,2.47,1183.706,4.8,462.7652553,78.56726667,706.1334367,935.2649791,77.5,4.5,3.4,3.49,3.80,4.27,7.52,5.6533,6.51,446.2153954,730.9272605,450.9209795,
3/1/2008,966.1600688,927.7799655,630.6805803,762.040867,755.6452015,788.8608282,805.7354682,-205.941,734.690,454.0471652,453.8171753,454.196411,536.0210203,536.6178487,99.210,91.642,-4.82,1183.742633,5,462.4461572,77.97696667,696.979067,935.4333928,72.9,3.2,2.0,2.03,2.75,3.67,6.21,5.8167,6.75,444.6924466,720.8000602,458.4491175,
6/1/2008,966.7309419,928.0551554,626.0305485,762.2436088,758.5384679,787.9101459,806.5974574,25.484,733.187,454.4092336,454.7865879,454.6159469,537.3135682,537.0513989,98.113,92.669,0.48,1183.399396,5.333333333,460.9502123,76.461,691.8365458,937.3504593,59.6,2.1,1.6,2.42,3.16,3.88,5.08,5.2733,6.99,443.0352405,722.3767268,481.9985823,
9/1/2008,966.2027269,927.2814388,620.8238657,760.3590144,758.0884429,786.6400654,807.4032447,-169.929,730.939,455.1811602,455.8476822,455.124888,538.8436825,537.6929821,97.535,92.875,2.31,1182.884751,6,457.6488093,73.94816667,675.9641894,935.335499,64.8,1.9,1.5,2.36,3.11,3.86,5.00,5.5133,7.2067,446.745864,713.2431016,477.0543372,
12/1/2008,963.9951602,926.3774214,610.6004106,754.3588975,752.0224258,782.9568335,808.0839093,-481.715,723.286,455.3613699,454.2383019,455.0457015,536.52686,537.9374944,100.819,92.332,-1.00,1181.711061,6.866666667,453.2607737,69.79763333,649.677499,936.4088113,57.7,0.5,0.3,1.22,2.17,3.23,4.06,5.2667,8.84,457.8251097,681.3224795,406.6802059,
3/1/2009,962.8228,926.123147,600.4336596,746.5271837,743.6992563,772.9689176,809.2183731,-471.463,704.246,455.3887418,453.5602149,455.0446453,535.8366136,538.3563436,98.880,93.196,4.49,1180.030499,8.266666667,447.4280634,65.29263333,626.4667298,936.1919176,58.3,0.2,0.2,0.90,1.76,2.74,3.25,5.2,8.2133,459.8417437,669.618611,376.026945,
6/1/2009,962.6534386,925.6303496,594.1118173,743.4372497,744.3565375,768.8226746,810.6701471,-130.242,700.530,455.2507533,453.9571548,455.4360985,536.3669619,538.8648505,100.815,95.166,9.95,1178.625503,9.3,444.573747,63.7623,628.1019864,936.7281441,68.2,0.2,0.2,1.02,2.24,3.32,3.25,5.2933,7.9833,455.4192631,679.3720248,408.6704339,
9/1/2009,963.0142216,926.300578,598.6671077,742.8525511,747.9866388,772.8651227,810.9430045,-328.619,700.680,455.311871,454.6438771,455.7896871,537.2236749,539.1624025,100.503,96.432,-0.63,1177.886538,9.633333333,446.1544974,65.3514,637.7293681,935.5078319,68.4,0.2,0.2,1.03,2.47,3.52,3.25,5.0433,6.66,449.8964869,690.4449822,422.249344,
12/1/2009,964.0771226,926.190345,598.4652145,743.5163882,753.4487512,777.698543,811.1221455,-389.217,704.219,455.6788438,455.4125983,456.4108579,538.0035593,539.6725772,100.390,97.918,2.75,1177.500764,9.933333333,447.7137931,66.74666667,634.1534392,935.7008844,70.2,0.1,0.1,0.88,2.30,3.46,3.25,4.58,6.3267,446.6287357,699.2742634,433.1610149,
3/1/2010,964.5759026,926.7682152,595.1829348,744.2127337,755.811969,780.3044617,810.6920646,-327.929,710.116,455.9314711,455.7984234,456.7520239,538.1619372,539.6875297,99.614,98.459,-2.87,1177.366533,9.833333333,449.635482,68.14336667,642.6488457,936.4556764,73.9,0.1,0.1,0.92,2.43,3.72,3.25,4.8567,6.2867,449.3959257,702.2508574,436.4710912,
6/1/2010,965.5385103,927.6609738,600.2457156,747.4399056,757.9866242,784.7641436,810.9995784,-288.540,713.678,456.3962701,455.9531052,457.0216357,538.1266615,539.8129518,100.644,98.613,-2.55,1177.85434,9.633333333,451.5976794,70.2245,640.0257445,938.1002555,73.9,0.2,0.1,0.87,2.25,3.49,3.25,5.13,6.1767,453.0187986,703.4605263,435.5297575,
9/1/2010,966.3089749,928.3718707,590.9646932,750.1114776,760.799326,788.1993358,810.2912742,-288.519,716.792,456.7592922,456.1458604,457.1751276,538.4193794,540.0547488,100.761,99.153,2.06,1177.837727,9.466666667,452.9130041,71.33466667,636.2453226,938.7367382,68.3,0.2,0.2,0.54,1.55,2.78,3.25,5.0367,5.7767,450.8394933,699.9775234,433.2923922,
12/1/2010,966.827142,928.9828957,592.6064055,752.0359969,763.4989344,788.5662141,809.6526929,-369.438,719.030,457.3307933,456.7838621,457.49034,539.2258428,540.3160749,100.497,99.568,-1.90,1178.090725,9.5,453.3008728,71.94196667,629.5880819,939.1021695,71.3,0.2,0.1,0.49,1.50,2.88,3.25,4.4633,5.9133,446.9842896,709.3404626,444.2964933,
3/1/2011,966.5858339,929.3641366,592.2682903,751.9002416,764.3511656,789.0534629,808.4186266,-461.847,728.518,457.8199731,457.6208139,457.9291537,540.2874059,540.7874066,101.285,98.894,-1.87,1178.34156,9.033333333,453.8185654,72.72613333,636.7043021,940.0539155,73.1,0.2,0.1,0.69,2.12,3.46,3.25,3.9267,6.09,445.4591452,717.2227551,454.3081994,
6/1/2011,967.2614203,929.4669848,593.3946392,754.4524947,766.026558,789.4267727,807.7390023,-141.807,729.722,458.5395958,458.5987367,458.5120528,541.4180041,541.2537024,99.429,99.012,-1.37,1178.864629,9.066666667,454.1997842,72.8293,635.3209948,939.7992142,71.9,0.1,0.0,0.56,1.85,3.20,3.25,3.8967,5.85,442.1559799,718.4656976,463.0382988,
9/1/2011,967.2229921,929.7709193,595.1753654,759.0290299,767.3908468,790.5301152,806.3000232,-326.541,729.420,459.0675646,459.0597857,458.9670687,542.0679532,541.9351408,99.497,98.693,-1.06,1179.177363,9,455.3294617,73.59213333,642.8643631,940.2425223,59.7,0.1,0.0,0.28,1.14,2.41,3.25,3.8,5.4633,442.5684604,711.3245279,449.6582246,
12/1/2011,968.3383128,929.9433813,597.7284991,761.5501473,768.1399833,791.8345134,806.2286232,-320.102,731.799,459.1953226,459.389688,459.3229175,542.5158513,542.4670977,97.721,99.374,2.01,1179.597683,8.633333333,456.3047346,74.13526667,650.9762186,940.5273731,64.8,0.1,0.0,0.26,0.95,2.05,3.25,3.4567,5.2533,446.3364657,711.1229287,454.3968314,
3/1/2012,969.1531191,930.6622261,603.5902157,764.0725876,769.3521294,792.3256936,805.7991491,-456.969,733.245,459.7913923,460.0502643,459.9517573,543.0774432,542.9914181,99.483,99.824,4.47,1180.189171,8.266666667,457.2645617,74.8661,656.1502031,942.3487458,75.5,0.1,0.1,0.29,0.90,2.04,3.25,3.54,5.2,446.9339008,720.5959326,463.3692853,
6/1/2012,969.6075854,930.8376469,604.4372649,766.2948377,770.334758,792.6967515,805.2747846,-124.762,735.029,460.2065371,460.291431,460.3645691,543.2883224,543.4816019,99.768,100.235,-0.18,1180.503522,8.2,457.8957961,74.717,660.5748879,943.2398001,76.3,0.2,0.1,0.29,0.79,1.83,3.25,3.8767,5.0933,448.3228515,720.8151162,453.774751,
9/1/2012,969.7827766,931.0399983,606.9709024,765.9586895,770.9466688,793.2320158,805.1233853,-185.142,736.250,460.8205575,460.5816644,460.6532591,543.7387766,543.9327805,99.404,100.135,-2.67,1180.80994,8.033333333,457.8799858,74.22803333,665.9721179,942.5833399,75.0,0.1,0.1,0.26,0.67,1.64,3.25,3.9633,4.8733,448.4391418,724.5809621,452.4719062,
12/1/2012,969.8920387,931.4372856,612.0518713,767.0404361,771.0477233,792.2850805,804.1367849,-293.199,739.649,461.244367,461.1413986,461.0943488,544.4015279,544.3973498,101.367,99.812,0.23,1181.199743,7.8,458.4049711,74.2101,681.1244379,945.3357136,79.4,0.2,0.1,0.27,0.69,1.71,3.25,4.5067,4.5733,447.2152947,725.7148465,447.9153345,
3/1/2013,970.7563905,931.9686226,615.6243122,768.3242572,771.5260972,792.1994525,803.2313054,-307.089,744.425,461.6347487,461.5008299,461.4948885,544.802677,544.9022116,99.487,100.362,-0.32,1181.668756,7.733333333,459.1314302,74.52266667,685.9964615,941.3169645,76.7,0.1,0.1,0.26,0.82,1.95,3.25,4.5933,4.81,449.3523286,732.2849412,454.7046601,
6/1/2013,970.8955753,932.1223838,618.7666203,768.5928805,772.4236283,793.6409945,803.0629844,89.861,745.654,461.9349187,461.5720997,461.7997562,544.6931318,545.1293071,100.321,100.039,-0.39,1182.099333,7.533333333,459.6034583,74.4512,676.6191715,942.0582389,81.7,0.1,0.1,0.27,0.91,1.99,3.25,4.44,4.8367,451.4063161,738.3846591,454.5667851,
9/1/2013,971.6838646,932.4955462,620.5422035,770.2861803,773.2798328,794.3569398,802.5258669,-168.957,746.985,462.4708072,461.9776328,462.1866687,545.2325179,545.6625108,99.511,100.508,0.90,1182.488299,7.233333333,460.0079919,74.45596667,678.2569914,942.4421651,81.6,0.1,0.0,0.37,1.50,2.71,3.25,4.2167,5.4033,451.4917197,742.3755472,466.1771037,
12/1/2013,972.3930172,933.2938463,618.9564304,772.3133544,776.1139863,795.1443479,801.7346412,-174.671,748.664,463.0350485,462.3949414,462.6742488,545.6016031,546.1058188,99.821,101.208,2.18,1182.947921,6.933333333,460.6698351,74.77733333,691.671502,942.7439023,76.9,0.1,0.1,0.33,1.44,2.74,3.25,4.1167,5.3567,450.4631361,747.8989031,457.8244248,
3/1/2014,972.0417716,933.6764719,618.251374,773.7052583,775.1392734,796.4272889,801.3204145,-241.029,753.048,463.4389125,462.875324,463.0184698,546.2224582,546.4920196,101.124,100.190,-2.74,1183.314733,6.666666667,461.382595,74.6624,683.9476438,943.9900625,80.9,0.1,0.0,0.37,1.60,2.77,3.25,3.8767,5.1167,451.9296344,751.4421869,459.2557648,
6/1/2014,973.3179543,934.6008206,621.4006918,776.3563806,777.2803663,798.6790175,801.4475939,47.634,755.180,464.0073902,463.3744685,463.5117262,546.7521318,547.0080602,100.141,101.145,3.35,1183.89649,6.2,462.7056915,75.63486667,689.4670039,945.3056459,82.8,0.1,0.0,0.42,1.66,2.62,3.25,3.57,4.82,451.151863,754.980562,463.8089033,
9/1/2014,974.4761421,935.5797544,622.8503903,778.3556086,777.6861737,798.8662419,802.1155682,-116.276,754.981,464.4669706,463.6571949,463.8969177,547.0076391,547.4209968,100.525,102.036,2.16,1184.436602,6.066666667,463.3053799,76.1195,693.7961121,946.4212268,83.0,0.1,0.0,0.52,1.70,2.50,3.25,3.8967,4.74,452.9745963,758.8806244,458.2720057,
12/1/2014,974.9240201,936.6909582,626.3422072,778.9653304,778.5068148,801.4561241,802.0669801,-176.298,756.614,464.5390399,463.5424539,464.1842784,546.7588863,547.818174,101.836,101.470,-2.26,1185.012125,5.7,463.8836721,76.3817,695.5910321,947.8039101,89.8,0.1,0.0,0.54,1.60,2.28,3.25,4.0867,4.74,458.7820548,760.6902772,429.2648824,
3/1/2015,975.7339764,937.3559721,628.2915322,778.8455848,777.6888573,802.8940863,802.5834518,-262.681,760.936,464.5275123,463.1260196,464.3800982,546.1095013,548.1663398,103.827,102.344,3.39,1185.489921,5.533333333,462.8142946,75.989,688.4486652,949.1254594,95.5,0.1,0.0,0.60,1.46,1.97,3.25,3.9933,4.5,466.66227,763.2137865,388.23882,
6/1/2015,976.3127181,938.0306919,630.7687428,779.3005067,777.952761,803.6276794,803.4335785,124.227,762.269,465.0936736,463.6093752,464.8076407,546.7891351,548.7694529,103.964,102.635,1.92,1185.986181,5.433333333,461.3908562,76.05006667,705.4449658,949.4019443,94.2,0.1,0.0,0.61,1.53,2.16,3.25,3.9267,4.8333,467.0527122,765.0658823,405.7795832,
9/1/2015,976.6355399,938.7904212,633.4333779,779.6627249,777.1153544,804.4870716,803.8861218,-124.005,761.286,465.3379229,463.8514694,465.1086383,547.1661244,549.2647091,103.900,102.613,-2.20,1186.453962,5.1,461.4006365,76.26336667,706.1905959,949.9795871,90.7,0.1,0.0,0.69,1.56,2.22,3.25,3.59,5.2433,469.0099397,761.4052271,383.765859,
12/1/2015,976.781673,939.2924061,635.1852614,778.8563776,776.9660361,804.6983461,804.2460638,-215.326,760.667,465.3312521,463.7521203,465.325534,547.1585565,549.79275,103.862,102.208,-2.71,1186.94524,5.033333333,459.9827942,75.68763333,702.5834567,950.5978213,91.3,0.2,0.1,0.84,1.58,2.19,3.29,3.3367,5.42,470.5015521,763.4640236,373.6478433,
3/1/2016,977.369203,940.0231375,638.2147942,778.75701,776.6715582,804.5581229,805.2882447,-244.096,760.103,465.2750094,463.8053553,465.7427349,547.0964499,550.3131285,103.990,102.552,2.70,1187.356985,4.9,459.3884744,75.5328,704.1119991,951.3524169,91.6,0.4,0.3,0.84,1.37,1.91,3.50,3.81,5.3067,470.9899502,757.4486613,350.2047742,
6/1/2016,977.6710441,940.5300639,638.345562,779.4055642,777.4272403,804.6627804,805.1312252,59.147,760.652,465.9431073,464.4310768,466.2844578,547.893052,550.9695982,103.459,102.476,-3.78,1187.732086,4.933333333,458.9976342,75.15803333,706.589798,951.1890832,92.4,0.4,0.3,0.77,1.24,1.75,3.50,3.96,4.6667,467.0995379,763.7713204,381.5658937,
9/1/2016,978.2703142,941.114195,637.830801,780.7010609,778.9683111,805.3879773,805.6393159,-186.351,761.837,466.2438594,464.806044,466.7493756,548.3166282,551.4898096,103.462,102.893,1.75,1188.250545,4.9,459.2524229,75.08486667,705.5600406,951.6704346,90.3,0.4,0.3,0.73,1.13,1.56,3.50,3.8,4.2567,468.2353425,767.8491405,380.3323589,
12/1/2016,978.7661351,941.5977659,639.0703312,781.3446676,778.2620501,806.8567419,805.8476346,-209.634,761.809,466.7863255,465.2781878,467.1129572,548.9494045,551.9516362,103.914,103.489,1.50,1188.606709,4.766666667,459.105402,75.12796667,711.8826249,952.2002608,93.1,0.5,0.4,1.01,1.61,2.14,3.55,3.6533,4.64,471.8989822,768.9316186,389.4605531,
3/1/2017,979.236603,942.3211098,641.634626,782.6102016,780.6117043,808.2943967,805.6374135,-317.088,758.342,467.2894253,465.8268517,467.5529235,549.615405,552.4391287,104.237,103.580,1.72,1188.98562,4.566666667,459.2485744,75.35083333,710.7698437,953.2078401,97.2,0.7,0.6,1.24,1.95,2.45,3.79,3.56,4.66,472.5545415,774.80271,394.6746441,
6/1/2017,979.7949243,942.7874701,642.264922,783.6387263,781.0105289,809.3579897,805.9350201,3.654,760.061,467.6196988,466.1087274,467.9541457,549.7934325,552.752516,104.639,103.506,-1.17,1189.353989,4.4,460.6793867,76.21756667,707.6653815,954.1936454,96.4,1.0,0.9,1.30,1.81,2.26,4.04,3.7467,4.4967,471.1096542,778.1646398,387.6188552,
9/1/2017,980.5113684,943.3516083,641.7803277,783.9416241,781.6775243,809.3218737,805.8555129,-142.431,761.881,468.1594046,466.4815505,468.296113,550.2666742,553.1652804,105.443,104.327,2.02,1189.733489,4.3,460.4046889,76.1702,707.2139135,954.7921517,95.1,1.2,1.0,1.36,1.81,2.24,4.25,3.9367,4.3333,465.9516316,781.1049926,387.4598012,
12/1/2017,981.4475995,944.3986973,643.4867815,785.9612247,783.9976839,811.8645403,806.5567489,-224.454,763.098,468.8205335,467.1479014,468.8027391,551.0428282,553.6792125,106.111,104.779,0.56,1190.094144,4.133333333,461.7199542,77.0926,711.9635638,955.2808881,98.4,1.2,1.2,1.69,2.07,2.37,4.30,3.91,4.27,466.6011255,786.5181543,401.3977728,
3/1/2018,982.2076826,944.9958745,642.411558,788.3805543,784.4463743,812.5040281,806.7695942,-375.485,758.182,469.4206179,467.8024039,469.402015,551.8172851,554.3347646,105.895,105.088,0.29,1190.488647,4.033333333,462.2694403,77.3251,717.6509342,956.4741399,98.9,1.4,1.6,2.16,2.53,2.76,4.53,4.1267,4.47,463.4243433,791.3000289,414.1334165,
6/1/2018,983.0379081,945.8480568,643.2177101,790.0251767,785.6666142,812.8600834,807.4704802,-7.691,760.125,470.1897543,468.3833481,469.9955986,552.440724,554.9526048,105.539,105.515,-0.77,1190.933862,3.933333333,463.5553244,77.83696667,715.4094388,957.3104406,98.3,1.7,1.8,2.48,2.77,2.92,4.80,3.83,4.7767,465.9288985,790.2175517,421.9997781,
9/1/2018,983.5187298,946.5027473,641.7151639,790.7183089,784.0892115,814.3045339,807.7140676,-171.729,761.501,470.6344954,468.7174046,470.3385233,552.8453744,555.366218,106.476,105.806,3.42,1191.316137,3.766666667,464.3893339,78.10663333,712.2597805,958.1338251,98.1,1.9,2.0,2.67,2.81,2.92,5.01,3.5933,4.8133,468.1056576,795.5420424,424.5012996,
12/1/2018,983.7417192,946.9275765,639.5386298,791.900442,784.2111051,815.2502781,807.5074887,-317.947,763.398,471.1249443,469.1225551,470.7982458,553.2353379,555.8470213,106.506,105.823,-0.14,1191.650435,3.833333333,464.3644146,77.49936667,705.7897937,958.8717445,98.1,2.2,2.3,2.80,2.88,3.04,5.28,3.1,5.14,469.586062,789.8039691,407.8836035,
3/1/2019,984.3376549,947.0790806,639.5577241,793.0451824,784.9836947,815.2488956,808.1831501,-373.087,765.335,471.4042528,469.2261838,471.0760675,553.412308,556.3856074,108.668,106.717,4.52,1191.950773,3.866666667,463.438524,76.52296667,708.7016602,959.7616617,94.5,2.4,2.4,2.49,2.46,2.65,5.50,3.0267,4.97,469.5897152,790.9150361,400.4176694,
6/1/2019,985.1272781,947.9509049,640.5546094,794.662004,784.4368111,815.6689212,809.405269,-55.075,765.934,471.9765925,469.8982275,471.655651,554.2726527,557.0315842,108.110,107.846,4.23,1192.226528,3.666666667,462.8529227,75.77523333,714.9916836,959.4193617,98.5,2.4,2.3,2.13,2.12,2.34,5.50,2.9133,4.5967,470.3883659,796.6549687,409.0726915,
9/1/2019,985.8108315,948.7385649,641.4288285,795.3862592,784.2235966,815.4033265,809.9162769,-237.913,765.780,472.3166532,470.1758337,472.0894808,554.5925862,557.6416166,107.824,108.056,1.25,1192.580744,3.6,462.84286,75.6762,716.4978144,959.9888361,93.8,2.2,2.0,1.69,1.63,1.80,5.30,2.4567,4.02,470.6182261,799.2468082,403.1937102,
12/1/2019,986.2785343,949.1675923,641.6654338,794.9677668,784.5146619,813.1791853,810.6593826,-356.333,768.031,472.6918682,470.6028582,472.4256076,555.2415509,558.1117542,108.222,108.212,1.70,1192.988207,3.6,462.192897,75.37783333,724.7792582,960.5786569,97.2,1.6,1.6,1.59,1.61,1.79,4.83,2.2333,3.9133,470.4707781,803.4774671,404.2290745,
3/1/2020,984.9664746,947.3818554,646.2658561,792.8592928,780.0593948,809.6795546,811.5617111,-389.833,765.870,473.0894936,470.9154755,472.8581796,555.4895694,558.6001939,110.383,107.732,-0.44,1193.075164,3.8,460.4717417,74.40083333,730.3170051,961.3342449,96.6,1.3,1.1,1.08,1.14,1.37,4.43,2.3033,3.89,471.2804115,802.9204802,382.3337501,
6/1/2020,975.6042672,937.2152967,637.0556076,783.8212392,757.1967348,790.7556667,812.5078173,-1997.879,755.659,472.7113445,470.5063785,472.6670748,554.7019497,558.3189244,117.098,110.639,0.74,1180.309195,13.06666667,446.6702439,64.2776,698.9949517,971.2347224,74.1,0.1,0.1,0.19,0.36,0.69,3.25,2.73,3.9067,472.2348594,798.2332117,332.52758,
9/1/2020,982.8807109,945.8823039,648.7760728,788.1147785,768.0752841,806.6996582,811.9767084,-388.566,762.646,473.6058088,471.408438,473.5355988,555.845351,559.2889399,114.063,111.895,-5.76,1185.552177,8.8,455.8717787,71.94863333,727.2629847,966.6692914,75.7,0.1,0.1,0.14,0.27,0.65,3.25,2.8833,3.3133,467.5283763,810.8206901,371.0967051,
12/1/2020,983.9897914,946.7144051,656.1583837,791.0647434,773.1502999,813.5007893,811.8514007,-571.573,767.184,471.7858786,473.8432792,556.4455271,559.7321354,115.967,110.920,1186.793202,6.10,6.766666667,457.8455505,73.96646667,736.2222169,964.490463,79.8,0.1,0.1,0.15,0.37,0.86,2.55,3.25,3.3,465.5958353,817.5922786,374.8405433,,
,,,,,,,,,,,,,,,,,,,,,,,,,,,,,,,,,,,,
,,,,,,,,,,,,,,,,,,,,,,,,,,,,,,,,,,,,
,,,,,,,,,,,,,,,,,,,,,,,,,,,,,,,,,,,,
,,,,,,,,,,,,,,,,,,,,,,,,,,,,,,,,,,,,
