YEAR,MONTH,foreign_born_pop,total_pop,foreign_born_share
1994,1,22324235.33,258421556,0.086386893
1994,2,22404867.28,258606204.2,0.086637006
1994,3,22273761.53,258798231.6,0.086066127
1994,4,22380480.6,259010694.4,0.086407554
1994,5,22204272.11,259249329.1,0.08564833
1994,6,21852837,259501319.9,0.08421089
1994,7,21451800.99,259710349.3,0.082598946
1994,8,21472635.27,259953933.8,0.082601694
1994,9,21671406.37,260206288.6,0.083285483
1994,10,21752761.25,260456275.5,0.0835179
1994,11,21919014.32,260672826.1,0.084086303
1994,12,22623513.17,260883000.1,0.086719001
1995,1,23301118.91,260837677.8,0.089331875
1995,2,24105908.22,260997368,0.092360733
1995,3,24625654.11,261155971.9,0.094294815
1995,4,24496892.14,261342500.9,0.093734819
1995,5,24089909.61,261550068.3,0.09210439
1995,6,23423626,261758092.5,0.089485776
1995,7,22914574.83,261962074.7,0.087472871
1995,8,22844331.42,262182905.7,0.087131277
1995,9,25550940.6,262410381.3,0.097370159
1995,10,24014048.35,262646533.9,0.09143105
1995,11,24458328.24,262831984.4,0.093056894
1995,12,24965728.69,263003506.2,0.09492546
1996,1,27147186.05,263183543.4,0.103149254
1996,2,27465983.39,263341634.2,0.104297915
1996,3,27773094.91,263510367.4,0.105396593
1996,4,27889750.08,263718804.6,0.105755637
1996,5,27504762.79,263924785.5,0.104214399
1996,6,27553250.59,264137329.4,0.104314111
1996,7,27232185.46,264341219.3,0.103019066
1996,8,27365340.02,264562160,0.103436334
1996,9,27543327.14,264780854.3,0.104023107
1996,10,27716786.25,264997963.8,0.10459245
1996,11,28015679.4,265185135.8,0.105645738
1996,12,27999839.67,265367299.5,0.105513527
1997,1,28680630.63,265618669.5,0.107976712
1997,2,28694795.62,265757209,0.107973724
1997,3,29188829.3,265920495.8,0.109765249
1997,4,29379310.92,266128553.8,0.110395185
1997,5,28906416.72,266313893.8,0.108542654
1997,6,28469715.65,266506996.2,0.106825397
1997,7,28155932.25,266698288.3,0.105572227
1997,8,28162937.4,266912814.2,0.105513621
1997,9,28512283.29,267131761.6,0.106734905
1997,10,28763098.15,267344281.2,0.107588231
1997,11,28881196.26,267531360.5,0.107954433
1997,12,28931535.58,267704801.6,0.108072531
1998,1,29304467.72,267974283,0.109355522
1998,2,29726050.31,268134520.7,0.110862452
1998,3,29577198.91,268293264.9,0.110242048
1998,4,30038690.94,268483294.3,0.111882905
1998,5,29562197.44,268666250.5,0.110033163
1998,6,29447540.18,268870163.9,0.109523272
1998,7,29392905.76,269066377.2,0.109240352
1998,8,29699364.42,269287094.9,0.110288852
1998,9,29939977.63,269524779.2,0.111084323
1998,10,30116461.11,269750182.7,0.111645749
1998,11,30359967.02,269942973.1,0.112468077
1998,12,29903554.12,270114457,0.110706974
1999,1,29996543.1,270654799.5,0.110829526
1999,2,29503747.49,270822884.6,0.108941117
1999,3,29219213.35,271002003.2,0.107819178
1999,4,29719692.23,271219470.7,0.109578019
1999,5,29480497.09,271430331.3,0.108611653
1999,6,29755047.31,271663765.1,0.109528951
1999,7,29680205.61,271885277.9,0.109164446
1999,8,29582936.24,272122057.3,0.108712012
1999,9,30085024.75,272376380.9,0.110453868
1999,10,30458366.41,272616077.1,0.11172623
1999,11,31056857.83,272819886,0.113836489
1999,12,31032742.53,273003777.9,0.113671477
2000,1,32476218.28,275566369.8,0.117852619
2000,2,32354526.04,275776458.9,0.117321566
2000,3,32215647.36,275999718,0.116723479
2000,4,32612105.96,276210774.9,0.118069637
2000,5,32487093.88,276441023.9,0.117519077
2000,6,32327140.59,276677279.9,0.116840604
2000,7,32521199.94,276902505.9,0.117446391
2000,8,32680424.51,277158476.9,0.117912412
2000,9,32838764.1,277424112.9,0.118370259
2000,10,33203918.97,277681895.9,0.119575383
2000,11,33932161.22,277844217,0.12212657
2000,12,33786392.23,278061960,0.121506704
2001,1,33801148.24,278234445,0.121484413
2001,2,33970627.94,278463055.1,0.121993303
2001,3,33801299.99,278664926.2,0.121297289
2001,4,31709926.29,275919185.6,0.114924688
2001,5,33671608.74,279111904.1,0.120638383
2001,6,31751648.11,276328004.7,0.114905647
2001,7,33462543.36,279587431.9,0.119685435
2001,8,33889767.27,279842170.9,0.121103146
2001,9,33988481.49,280103520.8,0.121342571
2001,10,34521863.01,280354981.9,0.123136257
2001,11,34789299.01,280583387.9,0.123989162
2001,12,35012622.7,280791804.9,0.124692466
2002,1,34833003.34,280990231.9,0.123965175
2002,2,34825753.44,281159530,0.123864745
2002,3,34798336.05,281328752.1,0.123692782
2002,4,34980317.68,281528073,0.124251615
2002,5,34837896.48,281733222.9,0.12365562
2002,6,35012852.51,282251332,0.124048493
2002,7,35334979.72,282497892.4,0.125080507
2002,8,34822252.8,282458147.9,0.123282876
2002,9,35123061.18,282718269.9,0.124233433
2002,10,35562256.9,282968492.9,0.125675677
2002,11,35590955.49,283195523.9,0.125676264
2002,12,36016874.23,283402530.9,0.127087342
2003,1,35650789.74,284659779.9,0.125239996
2003,2,35667028.56,284889601,0.125195965
2003,3,36239317.48,285109717.9,0.127106567
2003,4,36286112.62,285357843,0.127160033
2003,5,36683109.76,285592035,0.128445843
2003,6,36361139.25,285850037,0.127203549
2003,7,36195078.43,286101047,0.12651152
2003,8,36631262.32,286368669,0.127916446
2003,9,36835449.43,286656007,0.128500532
2003,10,37181314.94,286928574,0.12958387
2003,11,37291458.38,287188734,0.129850004
2003,12,36914478.97,287434830,0.128427299
2004,1,36306983.35,286997543,0.126506251
2004,2,36300544.33,287204530,0.126392659
2004,3,36475968.24,287408787,0.126913198
2004,4,36825442.03,287630619,0.128030326
2004,5,37168861.57,287850466,0.129125591
2004,6,36869597.94,288093038,0.127978094
2004,7,36744090.29,288332849,0.127436365
2004,8,36969020.9,288593036,0.128100877
2004,9,36595610.08,288864639,0.126687746
2004,10,36982848.36,289119156,0.127915593
2004,11,37503031.38,289361548,0.129606133
2004,12,37009293.36,289588854,0.12779944
2005,1,37196170.58,289878721,0.128316319
2005,2,37556530.46,290087703,0.129466124
2005,3,37375990.11,290286347,0.128755591
2005,4,37490814.52,290495637,0.129058098
2005,5,37347339.08,290724975,0.128462782
2005,6,37620607.24,290969408,0.12929403
2005,7,37413483.31,291215068,0.128473721
2005,8,37414645.36,291485240,0.128358628
2005,9,37551367.13,291759736.1,0.128706475
2005,10,37799749.43,292026802,0.129439316
2005,11,38311567.7,292277499,0.131079429
2005,12,38441940.6,292497642,0.131426497
2006,1,38392508.46,292561712,0.131228752
2006,2,38247793.31,292754061,0.130648208
2006,3,38439236.96,292947437,0.131215475
2006,4,38585906.56,293157651,0.131621694
2006,5,38773523.25,293375132,0.132163633
2006,6,38592295.31,293610039,0.131440653
2006,7,38957774.86,293843198,0.132580149
2006,8,39172518.65,294101416,0.133193914
2006,9,39421284.31,294356526.1,0.133923595
2006,10,39493197.3,294615274.9,0.134050067
2006,11,39416239.16,294853168,0.133680908
2006,12,39260286.03,295057982,0.133059563
2007,1,39929873.75,295668762,0.135049349
2007,2,40627956.79,295853393,0.137324627
2007,3,40600959.21,296056823,0.137139076
2007,4,40921525.17,296285266,0.138115289
2007,5,40871474.02,296515528,0.137839237
2007,6,40728046.24,296752628,0.137245781
2007,7,40571973.15,297005812,0.136603297
2007,8,40331128.2,297269408,0.135671977
2007,9,40888206.39,297530120,0.137425436
2007,10,41150041.13,297796483,0.138181757
2007,11,41058954.83,298039941,0.137763263
2007,12,41026971.97,298274626,0.137547644
2008,1,41268753.3,297823930,0.13856762
2008,2,41285982.62,298024276,0.138532281
2008,3,40879813.12,298215344,0.137081522
2008,4,41293688.54,298429330,0.138370074
2008,5,40969450.62,298653742,0.137180436
2008,6,41431632.64,298897410,0.138614893
2008,7,41482597.12,299160172,0.138663502
2008,8,40879528.25,299425425,0.136526577
2008,9,41380790.49,299704027,0.138072187
2008,10,41393994.39,299981531,0.137988476
2008,11,41430346.45,300225829,0.137997276
2008,12,41402650.36,300459786,0.137797643
2009,1,41025516.15,300157672,0.136679885
2009,2,40619941.41,300351932,0.135241152
2009,3,40351701.19,300544175,0.13426213
2009,4,40796477.61,300752723,0.135647908
2009,5,40672095.39,300954965,0.13514346
2009,6,41078504.82,301185325,0.136389463
2009,7,40975446.22,301431453,0.1359362
2009,8,41224448.95,301681362,0.136648975
2009,9,41246409.51,301955477,0.136597653
2009,10,41450093.84,302218846,0.137152578
2009,11,41932615.62,302459519,0.13863877
2009,12,41582520.18,302685832,0.137378482
2010,1,41509190.11,302964200,0.137010215
2010,2,41199733.09,303157547,0.135902053
2010,3,40830310.58,303343247,0.13460102
2010,4,40842742,303541736,0.134553958
2010,5,41681410.75,303737585,0.13722836
2010,6,42040449.03,303960172,0.138309071
2010,7,42077086.67,304193207,0.138323558
2010,8,42343417.2,304438359,0.139086997
2010,9,42264865.41,304700514,0.138709531
2010,10,42460325.85,304943633,0.139239916
2010,11,42525500.08,305172124,0.139349229
2010,12,42580645.23,305386944,0.13943178
2011,1,42107827.57,304842385,0.138129832
2011,2,41723280.44,305016263,0.136790347
2011,3,41492076.84,305191065,0.135954429
2011,4,41303108.8,305363485,0.135258834
2011,5,41848033.78,305548098,0.136960544
2011,6,41821952.01,305744587,0.13678722
2011,7,42304680.06,305947232,0.138274433
2011,8,42488211.15,306171688,0.138772502
2011,9,42542288.53,306394720,0.138847982
2011,10,42753582.66,306616016,0.139436887
2011,11,42296265.43,306815689,0.137855615
2011,12,42449845.69,306979808,0.138282208
2012,1,43478596.7,307567803,0.14136264
2012,2,43497030.99,307728741,0.141348614
2012,3,43662454.84,307891509,0.141811169
2012,4,43144878.84,308068330,0.140049705
2012,5,43197713.32,308247598,0.140139659
2012,6,43033711.41,308437137,0.139521822
2012,7,43638414.64,308637857,0.14139035
2012,8,43668222.57,308854021,0.141387904
2012,9,43920292.47,309063862,0.142107499
2012,10,44027531.93,309278382,0.142355672
2012,11,43821993.53,309474204,0.141601442
2012,12,43881973.53,309648716,0.141715341
2013,1,43927893.48,309875841,0.141759659
2013,2,43973084.63,310035672,0.141832339
2013,3,43998997.92,310197462,0.141841902
2013,4,43597502.22,310376411,0.140466545
2013,5,43161947.93,310558873.1,0.138981532
2013,6,43235104.27,310742869,0.139134663
2013,7,43478718.97,310944736,0.139827802
2013,8,43772928.04,311150514,0.14068088
2013,9,44370823.9,311362887,0.142505179
2013,10,44335742.86,311580114,0.142293237
2013,11,44193326.34,311769581,0.141749962
2013,12,44270707.53,311949312,0.141916349
2014,1,43885842.69,312098312,0.140615444
2014,2,44004382.12,312256950,0.140923628
2014,3,44490230.24,312416299,0.142406879
2014,4,44105885.31,312588584,0.141098836
2014,5,44288183.41,312761118,0.141603866
2014,6,44368788.43,312945330,0.141778081
2014,7,44269843.72,313151980,0.141368558
2014,8,45025529.82,313360208,0.143686175
2014,9,45511056.45,313584396,0.145131764
2014,10,45442405.37,313798648,0.144813898
2014,11,45970187.38,313981706,0.146410401
2014,12,45787638.79,314158489,0.145746941
2015,1,45942815.83,314906436,0.145893544
2015,2,46196196.4,315074164,0.146620071
2015,3,46002090.94,315246800,0.145924054
2015,4,45830419.01,315426572,0.145296633
2015,5,46207654.7,315602242,0.146411047
2015,6,46200098.99,315801604,0.146294694
2015,7,45973836.98,316007265,0.145483481
2015,8,46215865.69,316228123,0.146147235
2015,9,45935817.54,316461838,0.145154366
2015,10,45929113.52,316678414,0.145033926
2015,11,46575492.31,316887404,0.146978049
2015,12,46688251.65,317075361,0.147246546
2016,1,47058593.58,317629239,0.148155736
2016,2,47063484.34,317785952,0.148098064
2016,3,47157777.37,317954230,0.148316245
2016,4,46763343.25,318136283,0.146991543
2016,5,46582770.32,318328597,0.146335487
2016,6,46971054.29,318542782,0.147456031
2016,7,47118743.24,318757286,0.147820129
2016,8,47858137.14,318997008,0.150026915
2016,9,48049905.87,319241034,0.150512938
2016,10,48068495.04,319475258,0.150460775
2016,11,48266419.44,319698993,0.150974575
2016,12,47761423.79,319900195,0.149301015
2017,1,47525788.42,319197609,0.14889143
2017,2,47489729.14,319350821,0.148707083
2017,3,47630075.9,319508883,0.149072775
2017,4,47949277.61,319674824,0.149993913
2017,5,47593960.68,319849632,0.148801049
2017,6,47761081.09,320038706,0.149235327
2017,7,47534624.91,320231919,0.148438123
2017,8,47735821.99,320449680,0.148965111
2017,9,47812618.46,320667599,0.149103366
2017,10,47869749.19,320882587,0.149181511
2017,11,47967716.37,321079041,0.149395352
2017,12,47893222.65,321246888,0.149085406
2018,1,49091214.38,321895201,0.152506823
2018,2,49089276.82,322042734,0.15243094
2018,3,49556719.48,322201349,0.153806679
2018,4,49589227.12,322374753,0.153824785
2018,5,49140757.17,322558610,0.152346754
2018,6,49146972.05,322750326,0.152275515
2018,7,49218002.99,322957232,0.152397897
2018,8,49429104.72,323180965,0.152945594
2018,9,49786023.11,323405665,0.153942953
2018,10,49317044.38,323630698,0.152386794
2018,11,49686513.36,323833483,0.153432291
2018,12,49258695.33,324020036,0.152023609
2019,1,49325040.42,323168752,0.152629362
2019,2,49728613.9,323311684,0.153810135
2019,3,49799810.8,323443783,0.153967439
2019,4,49657332.9,323591190,0.153456999
2019,5,49788329.71,323748259,0.153787174
2019,6,49489999.34,323914929,0.152787028
2019,7,49263797.45,324095933,0.152003751
2019,8,49342080.51,324292273,0.152153118
2019,9,49347366.76,324486812,0.152078189
2019,10,49104902.48,324682975,0.151239536
2019,11,49509033.21,324855889,0.152403065
2019,12,48880959.21,325010886,0.150397914
2020,1,48809667.44,324082258,0.150608885
2020,2,49349369.7,324184835,0.152226028
2020,3,48350951.53,324290057,0.149097854
2020,4,48457883.01,324406673,0.149373879
2020,5,48421265.9,324535604,0.149201706
2020,6,48182212.19,324673469,0.148402062
2020,7,48509964.94,324824679,0.149341993
2020,8,48333359.95,324994700,0.148720456
2020,9,48215329.92,325163160,0.14828042
2020,10,48340306.74,325329200,0.148588896
2020,11,49081541.85,325476164,0.15079919
2020,12,49289814.1,325604124,0.151379576
2021,1,49408130.7,325040337,0.152006151
2021,2,49575092.22,325067174,0.152507224
2021,3,49301885.61,325113828,0.151644997
2021,4,48997653.36,325180063,0.150678528
2021,5,48743802.1,325244552,0.149868159
2021,6,49044435.33,325335431,0.150750366
2021,7,49328336.38,325429311,0.151579267
2021,8,49309786.96,325532160,0.151474395
2021,9,49782902.65,325651431,0.152871745
2021,10,49861021.45,325754589,0.153063144
2021,11,50001783.66,325846393,0.153452009
2021,12,50160256.28,325920861,0.153903178
2022,1,50690340.8,327677565,0.154695793
2022,2,51167025.42,327745062,0.156118372
2022,3,51164813.25,327809771,0.156080806
2022,4,51404255.7,327869438,0.1567827
2022,5,51414866.38,327911759,0.156794824
2022,6,51307187.52,327999118,0.156424773
2022,7,51413412.05,328112098,0.156694655
2022,8,51589138.53,328215496,0.157180691
2022,9,52312615.12,328318371,0.159335023
2022,10,52533159.44,328430178,0.159952291
2022,11,52577210.36,328538127,0.160033817
2022,12,52226357.63,328601185,0.15893539
2023,1,52256325.06,329540144,0.158573473
2023,2,53120667.45,329638711,0.161148147
2023,3,53240852.52,329748003,0.161459211
2023,4,53059840.59,329872138,0.160849719
2023,5,53388497.08,330000890,0.161782888
2023,6,52396225.6,330139215,0.158709487
2023,7,52947177.53,330300801,0.160299876
2023,8,53843865.06,330470273,0.162931039
2023,9,53875777.14,330644392,0.162941754
2023,10,53945517.75,330818289,0.163066915
2023,11,54437086.62,330967864,0.164478466
2023,12,54504865.21,331103912,0.164615588
2024,1,54098519.24,331221027,0.16333057
2024,2,55399172.71,331331604,0.167201595
2024,3,55792393.16,331443286,0.168331644
2024,4,55046689.3,331566508,0.166020053
2024,5,55378670.13,331698036,0.166955074
2024,6,54923791.21,331840415,0.165512664
2024,7,55437737.02,332001533,0.166980365
2024,8,56011358.54,332173064,0.168621013
2024,9,56017277.62,332360350,0.168543804
2024,10,56021634.23,332528256,0.168471801
2024,11,55889018.33,332676680,0.167998004
2024,12,56010005.35,332825505,0.168286398
2025,1,57601464.7,336459491,0.171198811
2025,2,57053346.72,336585654,0.169506175
2025,3,57514716.98,336727803,0.170804776
2025,4,56977614.63,336868224,0.169139178
2025,5,57116202.4,337018039,0.169475208
2025,6,56542928.63,337183288,0.167691966
2025,7,56087506.01,337348423,0.166259873
2025,8,55965895.53,337528697,0.165810777
2025,9,55682689.73,337720367,0.164878092
2025,11,55446861.68,338068329,0.164010814
2025,12,56030077.81,338226509,0.165658446
2026,1,57357413.65,337551502,0.169921962
2026,2,56791371.38,337592486,0.168224631
2026,3,57520588.97,337634767,0.170363347
2026,4,57345590.01,337682903,0.169820827
